{"file_hashes":[{"block_hashes":["ev+TXknDgIsXU4e+23rkmbccW6KGrzoEEYs/GUmAH/8="],"block_size":4096,"path":"public/actionPage/document.load.js"},{"block_hashes":["7noSS29uBIwL6lrc9RazFbvl7/K746b43VE6tNxX7c4=","7f6TGW5y4a4RdzhtwjtfzePebBME3D7mE35ZX7Lgr6k=","v0sM5pTY7Ux+wElISQ1K6Z2YmlVjinvZ+P2HP4yKuqI=","a/L46WKAeAmyPtQtqSHQ/Baq8YWUImjiIBjlGNJFvtk=","ibUwrQTHO3PEZU81yv0ZEJ5bUGFeH/0FFcAg2OjOQ6w="],"block_size":4096,"path":"public/actionPage/font/lato/v11/1KWMyx7m-L0fkQGwYhWwuuvvDin1pK8aKteLpeZ5c0A.woff2"},{"block_hashes":["GDaeCW1QLDGRvw7kp1WJ79rTxe1Rel6IsGfcMMoo8d0="],"block_size":4096,"path":"public/actionPage/font/lato/v11/8qcEw_nrk_5HEcCpYdJu8BTbgVql8nDJpwnrE27mub0.woff2"},{"block_hashes":["Ww1VUEsmLhOGegEBbEmlAqUhehEml37VInKG+oGodLM="],"block_size":4096,"path":"public/actionPage/font/lato/v11/AcvTq8Q0lyKKNxRlL28Rn4X0hVgzZQUfRDuZrPvH3D8.woff2"},{"block_hashes":["ibShOexLU7c9gP5uzOzJiX2RGnVEb87sAEKBe+MdVEY="],"block_size":4096,"path":"public/actionPage/font/lato/v11/cT2GN3KRBUX69GVJ2b2hxn-_kf6ByYO6CLYdB4HQE-Y.woff2"},{"block_hashes":["XbSU37+k7fiHqJauGuE5aG+p2V+SgrbL9VJsSq+Z1Xk=","jLRZorGi/uiRghP5p/vz0fEvihQNNCRYoOIQlE4Vc3U=","TxmPt8ynXLxf7ugfsnqY8KK7Mso7JJlQP924Zt6fvh0=","HHKZwrtuM68HwArGFHM7ZL4sOa4c2KNckLJAV8OXMnw=","mOGKf5CPz8oWmKDe+Zs13ZJyiirjCfTvdLZ5QNWLQE4="],"block_size":4096,"path":"public/actionPage/font/lato/v11/HkF_qI1x_noxlxhrhMQYEJBw1xU1rKptJj_0jans920.woff2"},{"block_hashes":["tdatnkZAIgceKy1xfTUnpFUdin8J0OmVTZKrdkgUSqM=","9xkBSLR0+ufvg7IraED6TOdm9AsIZBZamDBP8QDA0TE=","LGrAZUct/ELAXLwLftfbrkctuJ8cdQd4JU4/t8VOgao=","U8HyuZsYQyKlNjmNON3Ku088DaRz4p/jx8hvxkAcM+M=","Ofy4mvzK/a1LO/TsxpF4V67kzNktiYQwZ1oSpbnVClw="],"block_size":4096,"path":"public/actionPage/font/lato/v11/MDadn8DQ_3oT6kvnUq_2r_esZW2xOQ-xsNqO47m55DA.woff2"},{"block_hashes":["yWDbZzAAptB11xs/nQ1hO9+vWB8Sr+hRLCDKYNCmL6Q=","EpfsuRfSqMCwHk8KFYSRpCnWZNi/KQKcAFLh8/8p4xE=","Y4L9CgcSdYbNp1KDM1jSctLOI8EAgLqANOc6rjRZEzM=","Wgqz4WYaYeDdo83tZ7NvhNKckGSy+xkcg5Z3nLYfkik=","aKTaGEAAbTZGrWexDHuOOEiFXl0wyQc2TIJ9M78EAGs="],"block_size":4096,"path":"public/actionPage/font/lato/v11/MgNNr5y1C_tIEuLEmicLmwLUuEpTyoUstqEm5AMlJo4.woff2"},{"block_hashes":["3esz926RqCQh/GUvudvNbp5hMoGCLlwqmJWnpNMpZNc="],"block_size":4096,"path":"public/actionPage/font/lato/v11/rZPI2gHXi8zxUjnybc2ZQFKPGs1ZzpMvnHX-7fPOuAc.woff2"},{"block_hashes":["nCA/7q1Syk6bJtyQKQZIpPrtNiKXtVsLkV511x5UAc8=","pc0jrN81Wqb0ymCo7zNJKElEJgA2AskDkI/4jCO1kX0=","MHJrGS2/gP9KP4k2/MVybKPpxZEcg+U8S0YNKGzyQAE=","zv5bYzEecrk88p58frWtrEAUcHZcguDDjYh2ylhyNmQ=","vaG5/Yqs0ZOvSqyFq2Hjnw6Hv4yFWE/XePvgcPo1uJY=","6D1ZFo0xkr8j93L3TUTFNp4a4if2Lh/zeeOMOJzHM/Y=","HDJfYjdFWvKvVvjvuyaXgWB1GgEus0gdnVPbHrJU4dY=","rbkpWqu7GKBNgCcPEfERDQJmM1ClGTnDhIsSJnAvVbk=","9eFDN9bWmElJRaFkk/EWaci3MbqexkImmmjo92jJADI=","EDmVKwSYY7kpGwMoO0IlKrCWIqFqjXsL7v4PlXnz1oA=","ODLIqrjDyAxoFpdTwsKwfzAxovTagAAWxJPT61N6V2Y=","MuPbRbONLsY8ChJnTeGB3unPMJcR7LKwQ4wbTLnBWnw=","5kPnGynDct6z35LIW8ZFmghADH0OpRyjlXJFBFBaFu8=","LAlpULpW2MX2mQ3NgmYdp96uuzUJjmzVqywjrWETyY4=","Sywgnw7U2KubftZ+TQAbOTbsK+RknFR04LujzL++K1Q=","rywWtsRN2so4jW1PejIhWy7zu/UEeazouRsAyJJvojE=","lICr4JYgJGLpcXN0MrzklRZwXnIEt/El7LK/HRR8V50=","rKehWnviOQlThY/1Xr5FD9T49cvxGu5y9tQSWUgWeuM=","qO66orAMUbWChoTrhdWvA/bI42EOhVWmzrJR85fngz4=","1iTP5Vkm9Mmix6ZmYlL6kDxOCdSpO0Dwe7c3T41F1Qs=","PqDtdCoBqHX+IuEj2EhyF8pqZ5g/dew/YUTjk+zF0eE=","fJWbKPZ0yNOdest6K3jRha0BvEorvMC0RZJ/U1W7Ziw=","RmEtpMaJtr/GM47yoEum0zfRZRVOd0eV0EgJpj15uHw=","SUFRaaRKIb+s/8gdawREahd3FnpOaYNwG8RPs7VveHc=","Lul0+zlBFbWFs8PW+vzdQh2TUCYlUMACQaRmxHLei3c=","MTEtgpxEhETZIKF8jMyhRTl52Ep5Mi4OxSwWakdjWmQ=","MFkVzH7BM1aE5ibNDvK18IjeWi+S/gPnIeGpTzcAW88=","fRXVA7cAD3+twGX8V0p75RHCaHGjuAXooPGZNjitAeI=","wUD9NzWIwTQppBHBwQutU9+m92WQ8OOYoYK8/ht7xrM=","bvH3t44jQvqQOPqOCYjyOLF20yMAPae3zbl7axOE7I4=","/MgizU9KxGu86rh0Hg/0wyfp4iFO9A4MJ4e34vqR45E=","ATTbijLBb8WkTRrJpK2+V0JfyK8W462w85ddFGFtrr4=","KMZ9hrzBg2wKH8cNBb9rRiJ1dzzJWe0rA6rrqnq4IDs=","sPybU2QbL0RJll/yVBM4WXb4DN0w+cvjOfvu7jccSBg=","/qs7pdR9b5HQgqQ8lYGz4ZCgGpyTw5DPfsl7yaTaMJU=","cc6JgGVedcn32wR2Xf0IIKJIY+5Nq1QK9utCHITUmdw=","pMWMniB/CboNw92IGlzybHMPhlBsxz7ZAtBOUWcum1M=","hjQO1otW4w6buFGW3r0TonEeLGG1bA1zMlR/4F3DNes=","5SAY1EZSdoRgepKJRqUqmTVsd2ZXnQYt24kDdtBFw0I=","vOv6tkyhbqkcqhTJeSCqt6Q/sO31RkayY2qUs/QKQik=","aG2G+DG/ADj699Rd+W8+imeex4QnL4NpYLYtQt8rIVw=","u8/l/rxdS+dxUivhz8axk6sO8P3561ffYQH8wcQmUDA=","QO7gVwyjWMP/qL4mePzgjK/wnwTXH6ti2ACgNuoUEX0=","YNywSxRgV74XhBvKPgBzhPTdu471HYhFqk2rxsnJCKA=","lEcNscZfT/x5eMsBk/+dJq3wRt1pvsEehbvxwGAkfNY=","XvFlu9S50t1E4HAehFu8rNglhgpA3vkqYguVxgL2UOA=","X9UA0sBOTBqktxswhiXmj9v6YMS5W2e+GUq3ZnaDJgM=","/WBYnVbBFkC6SbMzKC5YebEYYjaFH7ytsnv0rERV0HQ=","aJg8DhDK9x8X3W3F7QfKDQ+gj2LDq2jNTbX+aWhn0nA=","5Xq7HY0mfKQMZ9T4A8wF5LQBjO+1WG3zCnuG2ChP1Xk=","yxsX1r4ZMPHuVl5C1B6Jra0MjUzLbQt0NnT4ErYBPVI=","OgF7JyQHiDbPeuKWyFrB6UFV9zJvOskiI8h/e7Oe+sQ=","C/Fq2m0zA9563DQbwQGlaOBiIuDHOd7xWjX2zU385a0=","7H0kn4+DCpSi/WqHoJHYBHui59xCziBGDxi0Cn/4vSA=","KjLySg6cEJZAHdsnV8sBwL1X5IYcgTwANwPAfcMmgfw=","ue6klprwIxXCBNvRgqFJe1TJ+qkNvN83mFvOvPj9wps=","giamJZJT7WEqB0r136SeeIMWcsNAcsfu7y3L/LgD7A8=","ONcRvMacIyu8voSZWGwV7p+bLeKPEqcAhWxBmEaJcl8=","+akSRr3kYZ4OoUNLnLaizsq+CowZTwuCnwp1u7PE8Rg=","YEPwHPfGWVVu857PxyqmIEX+hEmYTOqMv/jEgzTdRtM=","cq2VdUltNMA/KG38Ni/okkvkNJ+LaP0KxB67m5EzGJM=","+SzFbVWdChPJDY4aHdKR7gB5TWMgy1RZmsyhYWmZmG4=","8Bw4IWvDeiC5ChiZjuYJiHDJQ+dPyhMR2xg3p4FOWSQ=","sXgw4PCu1BBXamb3WcY8rKuIqKPLKtTo94QA9uRF4ds=","HyBCmQoMObBTAXEDZEyJRwoUQg/CiKuohFUel5mGkXA=","F0USb1p1Hz5Fe6R2x3jtzyw5cjqoIuY6d1uLvxS+S1Y=","NXTF90c3765LwKbWCfJ8K7UQgRzrOpzzbGUhxR3porg=","MucJTfNb8WRQL96J5e0/sNO6gM2zb+OXevGcFQitSfo=","SYX4F3WBc7aVuecAmW+yNASno+c0aLoh750Yat14iS8=","PKUDXmM73hB819WJyZT8YxKH9/ZD5X0hKWRFPGPy9Ac=","j+VonPMV2K14rtPF6Yli0KzU3cyqvrLo0MfvV/0RBgg=","dR5cxQt6ANBksVkCG9Ng8XlTxfwovqIslafrlpUAwUY=","jiOnia3MrxRjSWAEsd2tRu9Qx1X4N7jFEhSkWBBwmfU=","gNIyYxlcfW35NnPzskuX/plX9uxVA8C81EMJV1n2MBU=","WAxHF/4SAMdjCY5+i1cOcLde4ol7+hwsTDLUhJDIafw=","wJF6nV3FoMOASKm4z5GAeG++UY3/JbdDp8zT2Sap3zw=","nuk6tmjsSNG0HcpcRCvxbdejswedQGQe5YrOUeX98Nk=","/lYtCm6F+55FP9fNU/ITlExJHSQtl7YLEQD8Ov//Gwo=","VS/UEvCixbvQ+w0zlkUMRpuoPQki7qi1MGzMdfNknII=","ZXQcBcq/fdZ7UE7Igr8UFKI2qBOqo0QuzrnxB5Lgah4=","EovChkwz0TLYP3h5F+QJnTQmuPyh+Hfwp8FOGZjNhHw=","iDFEJe+/L9zGNVvoKquz+5GJvZmbgUPutAe0fU4sg0w=","tcppKew/GKwDk9MwllQVirHqsL0YvntZuXKUuIxWaHQ=","rZzwtfe4F0PKkXBsqLJfcdB5p2/TIjFPZyl615RDxZA=","E0PnCjYAoiQz5XjVE8n8fZRtp6NAOgZyB7QzkovQ50M=","CYm+GTOctoKC/3eW1lP9sQ+Si34Vv0MuUT6+EUojpGM=","Z+Ni+EgJiFCkgi7EUffxLWxORekBdJ0t9I3HgTk8kUA=","ZZmI3bcmqQEW++hn2ZSJkxZQV73vGjcwG9EN8GY6T0o=","nBWBV1w0op9xV3Slo6LDZzPyTgmLmhvjutQo3LtqA5o=","+v+/gu3uHlgPK6bbCeFAO41JFw7iQlX6j3yI2rAqZDA=","cqKijdEOzNSiIxBM9tmzqU9lOhIFGAlkIfaTE/mdxQA=","EOeogNbUMxO20c78yzR6TcaKh/7kja7+Vk5TbOwrScU=","kepGHGoFa73RM7yGmolzn90AXCduCSB7vH9i5A8kfs0=","Y5PClQf6/UZsqPfYZ4JGNpbvH8eWChkixH9Dmgj1Wxk=","NqBKQDgrRHtPOfy2zaASp5bqmj7DjHvVKe8Yr27fZx0=","K85o3wsAgowrQhVI4tfhwe6YxS0G3gjD+qp/EWVJTR0=","eLwNb6MN2EKCZqQToKDlR3DFW/xS4WVqa/aYYKY7kOY=","cB/1+KvhdUQJXO3O3YIq+bPy9l3kGbym5bgXffuaI2E=","4fTXWylFtc2WwBOmRkdkOiUvaRyTv7JV7giUmEcTQIo=","aJGJXOEV/swtgf8JEaIgLw3jSGfZzx7yNoU+vLjdhbw=","QzTm+B5cMCFO5pzjkjFYaJ8JAXhopCfbFnbW1o8S+ic=","7xyY9pZo8Efb548wzCktLKwHseIQBl+JJzAf4r67Bs4=","og4kk7qwnxVrmIjzmcZAomGQOb8Lisz5k0FSRWuf/gE=","hT9LohetIhWVnY+0Y/1PoeiHH7yi4hJDlrbAQKpt+es=","IPMWutvg0fyoD473BXo99WFLqPwKztnVWboUTvZQAYs=","R3qaEtBEwSmyJHuuwq19yYauKw+7jtC2MeyH4jOvCPo=","2389ZEezdPTpgYd9WVjijkdsWSyP8mTCD9FFYJDUUus=","hUKzSk/mAKS8ZQpUTE4LRYzrH8lRyEcjRoLJmvA0k0U=","YoSgIozHlWasPG+EMwuVtYFi+PRSoVygPZX3rA12MR8=","nf2YNsoQLvNCFSF19vUQcQ96zAn5SbaK+jVmbB1Dw7Y=","kfUvxj26dcJoJCrDWjpj/Tshpwbm+Bqg8IpWX/985Rc=","wm9nY8v2t5UAHqoU79QecNINDx7VvlspFVrVL3IoxJ8=","lSq8fjNvOFyh6ZmextgEhLZA+jq7DoC28U5Q5ZfzmVA=","PuxS9eBz6REPQ1RF0Mfjqec0woWcWQk9Pzlesa5ZZls=","AKxHadEp0J/TZ7NRAfi6Yn3VN8IFWJKx2FHrgytVFy8=","7fsSZiTbWdYIkhWBzMqBP96+O89ZezuX/5I1pagFkm4=","p9x/y/9C/hp8IyzZSSYPQzDfw2V9t807kAU9a1PGYtc=","W5tEDfDIhD4UwIUUfKiDDPsIWjlPeDQHNPBKYnmzo3M=","n5T78AOoMMItL3OACE0E1wjzTCJ1Lm8Bc2ouQZu8j9Q=","Y7oy4suvUZIkkPocw3HcNRdQ+9h7UPDsiNTIVDrFCiY=","oxFIficeK4GImEG7sV0mng7VsI82u/OcRjQlSL7hk0E=","ZkZDf4qBsc8eDuSdWi/7LwareaGB5EoK9x7+TK/tjnc=","HAr1eYssxU9TW9E/MoBrSJsyjO4Iz8MSWQIFUL39o2c=","lEUpdzv5FC/MWi4rE8axqqk0FXAB6E+I6WXmdMa7Um8=","S7JlV+nEM991yzmw2JsiBRVhj2BJunXflB5bclbrRuI=","lUX/jJhrl16Wt2gfvMEkFKqenbdWu0gPNGjPO9anuf4=","Q7smmQ1dYwnalE8duADx502Dn07DTEoNpm4ooxEa9Ok=","cGh41tlCPgmrRvHKuZ0QkyXuirPh3gTXPXZ8/U0AOGM=","uYxfDRVGsZ4PeO0BGs++xuaOTqjJf95numZIOwucvvE=","U9oYYbzuwDUvVXY1Fg8g0d78J8yHV+7LSs+a81yGUAI=","yCXV2fZPhTv0YUtZs6laxZZ8qNjo1JigqsdvYbXMUDA=","pQY/Qc9hPjzAilWVKHiSVp7/tYWoVaKFoSkqVWaj8zk=","DyRowiBBcZurRC9BOYU4tOuLk95MW1R5M8e3t5kNa6s=","Z+sTyix6E0wWQ2MRuWO6FgQ8lglWkF1iQ6/nvAAjmYo=","q0G2oKhVUPWGmYP03hqOuH0n7HzCtq6TSq+MacPvERs=","8jef1EdCRy3oKBPFySoup0SuPL6nQkZiFwWPU6CNHfk=","s81mud1NYgxipmey2ABg2dd0VN1QR4YMoxsCjXefG7E=","/Nr5UsW+kKGAkbe2O+jetfmWCTs0GFKHsFxVIRyLllY=","Zcxs5WdoWpFkKf4q8bxDavthFKa9Oc7NxvVUXbhIDBY=","AGsJp1LhKBm0cbUU1QInBRPv23Q/PN1CS83G0GfCgnI=","fLEzvOCuee/QhbVZGlcGyH3BAJLAIfqrUDocComP85w=","IrNFCftlLanuqrvoZZ/7J0CMhLId12KDb6DgF2dMHeU=","pdvZPbsLw8/sim7Lgq7EmDmUr7cNRcdC05Ur1H+Qo3A=","9XsTE4JbcKjMRNdlbJW+GTYDLuCdg/TuB8aKgT9y52Q=","SffC52pxBD/ovFG+lIQvx3ZUBMHspBg9ObhtEF8Xn04=","GNHbwDQOjirqMyjs8wO70J+nF9sqbW8m3+dVpnjfAbs=","bUeFuTUWc+FWZMmW8WvbbIebP8m9XJhpJZOzWEGfFLw=","/ZqR/jQ6mG/Drv/fTUuFm4iGV6xCxuihyXNroMZ/zuk=","ABALSbemXuCdIMlZ1mXm7++JW3wvWUSqmsI4+NPZNvI=","b93RNeyphLsmtjksyH0nBXshnZWU8P7abnjlnbPahk4=","Atlhg/zbGbRRL8JQX7xMq9QOXLFeoR2wMsTfO7SAEmY=","muPriViHwQRzp8bxJ88CcdKy15ORTtWAh3jI01CGGHs=","DHnmK4VDHwEyacqRnp9XmnJYKC7Pj1b1TaXvWpuakEo=","+BzpoGQj3b41BsTFswiVxTickgtyfmzfLVbT3DxM5J0=","EQKL9zTRoXWg1/r5WCTj4DSYqzx+47467CHrNfu3BXg=","skH+hRxwiqnociJbDPsX+ppe63NuZ9HyiP6b3LrZAjQ=","EYBkCjKRAiiMHa4MZapRtvl9UqxytzBzkvX9cm2rrYE=","aaexeMt4N4Nbw+GENUicdc7SdfA3focSSNrFsS4+ciw=","ghkUZBUs233Sj8pb9ZGGNQEvqaSdJ4zMvOF1meroefw=","0uRNI4psPUzEY5rDHPnUwjkPP6Z+JXCJahNPMBB+CF0=","+rHUDSdaxZ3k07cK5wLih7hUwPdgGnRdLRhEn+YURVI=","LypzeQx7O5zW1FCevxNVCzrSGt760atGMxyRuDYDsb8=","Aj/mXx74fcIZ1yT2+aCG9a7dZbvkWagxRCm/9mAP4nU=","YsEGcIWzyHBKpMx0zI6xVQVSl2aH+ItJ7D2KOhYS0lY=","X5IuiuqbzvtWZZLFkOGtlgVLzTp/Atn2N5An9fsciK4=","a7XHVyBt85/KnPnrKg2QaDnuaWubD4bZsEaHKBfCrOU=","hOC2yD2llv+PYwNKNhZWGdXzTiOjFP2ZfUyRJI5V7Ck=","yMuUuo0B5WU8a/LKJ+qMAlrJvtr0mEP+dz8p5MMhq6o=","ytRQxciUdeN3AxKmB1TIxp3FPBWt+fl3WqPBbUTczzA=","vDvvY4YGkzJ4qpkv2gHPxjjT2zXO0h8ZHSITQXo70p8=","jHgEygc4hdiE4xNvQlykdkIJxYI9D6ePiD6nFR17mqw=","TeaNnhXiAfTDg2/XGlrNIDfSHtSs2dNnu9SMIk5IUz0=","FXMm4ljH6+hSv9QHbGPbsHgOqW3hfmFDz/DhS75LwaQ=","ALw0NfYjnEymm3OvF8VJlDRj+TbSJVTvLOZg8mKOe70=","JCy1NCHsgOOmbBmnK80zwSqh/m0G/cTmhCmlxyQikKA=","jnNYFi/zbICLdUH2o+qh2MmYJeWybLEVqN+BPomur8w=","b5UZ0KPW24Ecl8VVRoag5iDVeMZhX8nGPwTZwBR86cc=","8US+51IQqIDHHEBYZ3OugLhrqgNPLnD3s/Qwf50AWp8=","4QbWhSPNZczRXSBMjrrzs9C0uytzwUdZGClvCUXJW6k=","fGNP2NRCL/EK/By8n0kugmsciNcO9GYUp+fUVntV4JI=","GKNDr++9K1Arl3wZhvtPIBRp+52ZppGVVgAQoAm6Ung=","qu1NPWzSb4163ro0HzMvRXuxbpmoHkJNQ2mkxGUh0Rk=","MPWG1gDaZ5Hom2jy/A/2Qo3JyyeV6lSAC9gSS0rbj1Y=","8Vf7YFsD0FdygijLPcmfFuVU9YNW+2ssVe6Buknct54=","+JNHlL64uBnU45NgMph+9FeD73NbHPVw//ERmD/sHlI=","nSzQx3nTFqlCz49r/F3r7OcXDsZo0n48MmObW93zjSQ=","qDhPCcUfqOg/pG0jxNt8LsxG75trHAf+CgVSASm1BLw=","J4cxyrIF/YJ/qii3y7jfhw349y/vgI2N2G7yfuFs6ec=","8tUgBFsVuwDZUxjcCME2XNXBIAMb0da0YV3KjLbGOK8=","cOt7veeRnZvz7d/kW/6czhiRneCvJhkaySnM5JjEjU8=","fn3yqQqsxqZM8pfHhYsADtbXTymwIv0T5pEeXPVU3Bg=","ZkaRlFkBPAjUJoiQmQim3sXJgDMgjtfQT7QKjZxk8XA=","Fhqn40E6DF0AwlDEUFmEH7GRX2/IqIYYjYX47kTwzzY=","mX95Qmf+956gRd7LS+2VVk8EeR8+Nwknfe72Xls9UU4=","Tzt/Hej4ptshHGP/F4u3gEe0/JmXtNKPPPXyRVeKfzs=","cF0Sm9jBPOJs72wP9vhIuCrpaEjncfWKi8QSShpMd4A=","0s/+vQdnSnnjpx8HTsdPUDhpt9dO6oKZspl5aZ+/HIE=","x0Z9wauk8GvLSL4GmqdjkABOrKmQyf8Q1GIYN2At/f8=","SjumrTc0JQ27K2BZqbjXtEebiXsSDVwf87o80BComsM=","r7mdYfuIwemagJUav1FcGCVq+mdyMnO7EQDpZpgc0lc=","8epfegL19/2hhBBCvoKEWOdmeweDReihmLw8OHG2xwM=","XfWJ7Yq8+2r4zom1WalSd+/UhIP3xbt9M/dYBPaTgCc=","ihs2DTEDSL7MDQfTymgr/Irl0ipXe2ZQOSHrstRD08E=","yNTY7pbL953SgTPZPg9zAZBUQ+ArTCQLJrCqEPauMCA=","MFlcP+/lqUALL4igp7IDBYNs1AIaZjjvGuAIfi/wH+E=","pWqZe+ygPe6H7m1d4pveL49jSaVExsrzshVTYw00XlU=","saVhayFbpP7BG7CN8tSv1i/EWW/iyJ25NFoJJx8wTSE=","2hhzTqcf3CZB9HTdcpd1CM3m4w3PpJFXgEIRW83kv6A=","0o+5UEpnjlSJ/zkk5LydEKoELvDM11i1YROlCtbE6vU=","D4as8EhvvwCGdMhwmOWtRnz0t0RjflObpaW0gbpP6jM=","bVy4/zQ0rrOhb9BThZGp3ljyWdEs6QfAuGqaC7thQsU=","lc6j/jWcK4uFkyh8qW9AWBY7JcJaiqGsolS4T6BhuOo=","stYtfPDKrMougechyIBQII2hTMcs3XofQVenbdzzzS0=","CPyCEcg4HnzzRTrk7aXH15UKcZaACgig4Dr5rME2UDM=","68V++QefFRNGK/ZWd1xT/PYXJoYVN2XqfdQX3rmS5Ds=","KuqdmeUUc4cdV1OY5LbBSe439zsrXWwCzvGgqXLpwhM=","j/8h9njNnM+QcVXtDhQCb0UkCblgJU+xi4DVpNS40ro=","z9pyRnyBavGLMWqf9IxggvlkK2y5khmGcRZR0g0yMKM=","B9oQEh+0PhRT/gD6Iqb+R7YKmXgbuBTUNgrf4nEvZM8=","l1EkJMk4TSIG4O5yryz9m1InvzZyQmIBSrHHe11hxgE=","rlOANRHPM1Matl4opOcgY3xEa/9hWpgov9VQAVj3+80=","rftuFSS1DU3cidQ+67J9ezl0IJ5wsThcFIrmI7sXFDY=","EZbNbS+n0zhkYmk5cHh4Wnt4OlWzM6vpyRoBgfnm8sc=","xYg60S4izDw6lhJPAxAUWvRv8zvMffQM1X+DyvhE5ds=","SgoXVPCQAsmPWS/m+jFStr7pIqXjVj1VS6YSiRhRKZU=","Hd+9r2qhWv4NtPluZu3E+IGh28V0ZYTbXjSzI4vUNKo=","G66Y7+P31BORCcbWQfrbIpjUrepptu0pezkEAL0FAXI=","RARfLSYB7LL/9j28XMcyrhCeXLXOD44pWcYmq6pVHjc=","TQcI+9Mmq0KXU5ZwoKLjce8M7YfV21G+rDaCyqfr6V8=","MAeRweXOUDTa7IIlw7dIJjLQ28zL5uqu1cPvidO/suc=","/Nfw2/nNURp4jVgfAuLx3WRIjKuc4Qq3SQ+qeAn6T5w=","5ffjvyy+rfc/pDfTXFYFuoW/pdqgI7I0HYEp3i/fwW0=","V7I4RkFnmmihHll+ScNdZwXZX5f0d7YBfO5zaFXINHA=","4WnzHnyPtGHbco68LZ1zIYbsDNDFKpcv+TcPDYjsZV4=","b4vFz9+xW0+ZtNt1ODg2qMH90AJhhRZyEtikiVlkUKk=","0ghkp9asyfpSWrF6/ysWuTC0l78p/sKL097cY66b8+k=","QdnTneBPnbuZudwE8RKEuIfAC2O9TIjsQxmgcv0uz/s=","8P5Gw4tViqzm66e9HZGGrYoeZ7dkk0V1yrkB19Yf3Sk=","HUnNx6uRsVVszUDOIZs2fz/QjFh3zZ0Qf22RgELFv+s=","fK3jTOfe+ip5WWr4Zzha3pb6GkOeyqc7i/gq9tN4cpo=","KZ5Bg5XK/d3I6YtJLQ4cnkuV1sAsohCjQR/sXJOl4+k=","BNTTSWREjyZEAMhu0xv9/1xwj0hfoxlkSoNHonei0AI=","YHWVHUkxjkwiEcuidUXp32xSElY3VXS2GZIAx+dyPbs=","B+bPuVln59MVNVLN960RVz2GrC1fk3vpVE7VkeDlknw=","aodd3wh9eCZ4wQaYHANrgUITiKkpQmxiJ7dZhzM3eU4=","kiYTKKoEHNa+pv+1oPhF6CiZOs4xeOlxcl7d1b3eAaA=","JM1K/DD5uh4bbN7VHzo4/R9MU3vwivgASOqhcKOrwXQ=","FnOcYDzd2+MdvESoVPKVm1r8or0F5bEqGgctHu3bHe0=","GQU1/4uadKd5flW24N04uNunD8PisvBFg8A35iETZuQ=","TnBzD17RXLok2kgxuXR2wCSGGe+o9+9P8fwHH7q6S44=","5UdCt2/cfNJWiqCtB+S2jg+b3nAihS3fAIiIwWHwJwk=","NKPw+xah5dnzY0dNpSsjtzxhNx902HFFXRXQ/ne/iR0=","qf4FAgBocxswGR0L4/8vuOLeOywvAzOFqNfhISzrvqw=","bKIr0yOphzENwUTVRwFE0jHsPFyIEcTCoLK3+q4jT9Y=","+DdjzA3avt5hUAsyBrruXchocbOXdEX78NX+X8hpqg0=","0TsAVrB1tUlwSWSGSWnkJgkUeZNu3j+Uz0dnwy0L/FQ=","DqD+pJts2KXsfOXdnQkFvX6MutJcSXTIQgJe15esu/8=","xGTmXMPxRBMKRFLlkKuStInm6eLapzFt98iE5c6Jd0s=","h5zd0uBjII0fuimzAyQHYo1c5tKZjXDowD+bVelENnY=","8bHzyfUFYXsfcz6C3/77BECs/Fs3CKaFmbYRYba9vTE=","Jm3O5ZUra+753Ffc7EwP6uN7GMvFFRxqusfWOtjoj1c=","ytsRRTBVC5WdA8664NwP8UHEPX0VicIHD+dOXAZ9iEI=","nBiYIXtWExH5fxHGh9gHyZ4gFhICDMv3m+0GLhNgI0E=","AFA+QtSDUJv1R/yVJxjsvh9w2iQcHs7QfR9plZHugtY=","/LEN/wieoSYpTeAQw7Hlr/7AgR4g9vub2wO7zMUxLCU=","8bpW+DRC2RHp+AsqUyiNcUfIEQNnUeT2fiH3gpejWPg=","DQ6HWKScq5qngSTNT0GeIKIxaP04/wNgwZEsdbg1Zdw=","E/flND/nG2aqNCWndGSTlJvCY0vi8GTFGSKDUvhj6ds=","bMCSYLVobPJ9gQRcyAJdOvDHdpuuX+FO9NJPXX/QD0c=","WjFqgK5C/1p5BNQGYTeuek8VU4e3b1LN0NJeu7SV8yQ=","S0iLvA8D8Bfm/X9YPv0HpvD9ZJ+WO1M7bowuyrZr7ko=","XYABvlSf0cPVoGaXGtrwFzy5Ep5BHftkRmwPsr0dTSc=","oAryGzaxHUOKxhZ4W0UtJkp0ZCX+HxQOyG+eIiJwaqU=","9vmeQQRrrQPvKg7i93abYBVA7MBAAkaueuB9bbCLpQg=","L5zBbJRYkaXUepCDLoPZ9ZMmnS8Qegw/HzxX1vytLyE=","C2fNCuK8LWyOE32anJ18KcKdk+Y7DivlUPdNa2rBaII=","MZcj4yCfeDCkjUf/LC8+Nb1ZHXVW3gs6dmrcQWcOQVI=","6t6BA8w7IEEMO0MO41lmgHbxDQ/UzKzdqtxEmUeDX+E=","9qrcMG8O687W8EizOD1RMQ5S+9vP7e5q738XW+H4NeY=","lBGGN7k2i2AaDdySafJfoV0HaB5FmHTSCVXWGY9gqUE=","vM70IAqPHK3YdhA1Xp+Dan33IJBMwjLrXPX0C0MDK2U=","ppgudYA2hZCUikbslQQvPOHW8eEhR1boxZXuBVUatNs=","3BDedAOf6uh2DTHSJLyrJqgM6ePXhE/xiGZuF6JX+Wo=","3O+Mzs71fHYzzkJpRZg3vbXZ/piUJhEM0lxWGnfspoU=","zOSlLDcB5oeS9gc+KTRpQb8zGtJn8KGeTEtp0EaGIlo=","ucT7/7eBTW1FiPBR2FVvWKfncBpAqZlB9ul4GLHYDuE=","YZyiqjEsp8lKxAxih9ElxS02kv9G1Ssk3Ts3wU2tU9I=","sL7+PeYIL7OcHRSwqEVAQ14AumMdthVjKCs+O9GGK3w=","Hbflqoy42LfUAvcOuJ3O+ABc2z0F3tDsy8WlrpslQnk=","hEyGuYphheLxGxyU4iFNM9ENwr0N0oKTh/QjD9uySsg=","iJA8rJGEbqxYuB6II0XXd5pvH+QBUnhmfZvpU1IVBIw=","S8rxfvB/5zuqwzOfRRptzniab6PJwYXrh2ulhVXn8m4=","5/u1aj5/RM5U0vTZGeH1L28Kz9paDnLjnJj1BBIizBg=","B8BkIqK3CIizg/WqpKwg8aoj0RbjPCcQ4kBbHx1+90M=","tdp4aX4CAFAVw7xdqMiYvDFcppuhGFSuBUfBc3VncyU=","hna2fAWqynDC4nv06PTSFl5kv/FVh9aY3894n/QQMXQ=","0FkgiwNRBvGq1/s7kEpsvDzWVa296Hem4ViwDT5fISI=","QqVNIGEx1TCIx4UnxfVl3S3x7ekYCb1KDOTpIPq5Yp8=","H8eOp40ubuRjVuGVtMYNbR+K54S9NKdihkoP2REqNX4=","CR9Jyj+LJ81dZkfpDJIYCA2sXP1gOh6x9g4fCLuY7wc=","p7NL8RBLma3p6L20MhV/yYq216aBJyF9Rda2dDxIJ70=","6aq9Y7wYpNRwghrLFQEk+oNngsPeDDHKpfUainxJtV0=","e/Mwp0JboUy6DlZ/SO2Jj19Nr2Qe8xQB7HuJgJ6Q9LQ=","3ANKVi56yW6V7QeVO21Xk20CzTfB7G6/K38V7JalDRw=","IrAHUSRclaebPvFR9MG+Pj+cEuMavLoeoA+TXabrleg=","vWni6wC4QWqgAojRIh0/8cg6ggIHE28Ltt63zt4aXww=","1xpBeXlmAJm2d+x7/twWlRJmFRO0glygf1e5F8J2sKA=","upD4EyNOlCobnkV7V74No/Gz1CKY+KkwGV2xSr7mZeQ=","E/F46ejeZm6Y4EycW9Vw+8+1/lQ5GX8tA7uvp0ZKt9I=","88hNATRtj2oTzCKogZq69+WPrz+B1HNxYRp3lbKpH6w=","2q2391qDQEA5As+o1mJBIS29NvnZYFfytJTUaq1DRa0=","TduFcDJjVgJEOkFwX4Cvs+8UJLDHD0XR+pMgtwW2ESc="],"block_size":4096,"path":"public/actionPage/images/comment.gif"},{"block_hashes":["M9gqbCYv8/4COOtvZThAsWc6KWgEYDR4qGA9v0KaUUo=","N523oSJNrvv9fqLSQb1Mv10zSFiqNLg7X8zI0d5na3k=","MW261PcJYZcSOrkPAVEqqgdCSt46jM3+e4mZB9tc0jU=","0AVZ7Jbx2ly+aJ2VRgNywVq2xsO5N+QZSGnmvDnFZ60=","MCxn7UWV2Et1ZNfRx5sggkXOm+M7nNQbkaL55pvPrzo=","O9g7E8svsBphggLuu6v1J0TK24iG0H5JBf7tsZ401W0=","oZZa9txWzsmVbhIntB/7hLfrHWmic3b24LVNsTEM1HQ=","wypNwK8kh4LcRPSjvubotF76HInuUU+7Q4w85XKhhUQ=","GSzk5ZRxsi/ENxRqHyOxkkh7akXR4C2Y2QI4JD3v69s=","NQJbxcW0oYNrLiQTVIoqfp49JeL3ziz6daTloaiQjVY=","UJYtoXjzvRs66/xzSeD5t9KGvV2SI8hPSqqNxX5+6c4=","9sTZAawExuI8D/AnnJ21koM2TmtO46s4QSfZYzxr/V8=","520r3X6S3eHTdAmC2rlim9IcSm01u1wHRjzWt7Hfvxk=","Z/2jB6TlNOwbTZ5oOxc7BMLLc3VAsvB4QJdZQzoU97M=","zBNYzf/kI/Ii/vX2MnvJUQvJWvQaj1kYLbSL7SDY7NM=","rU1sVT8amRbP5Mvq+b6bK/pr8Rm5G20rXkkX+R77OK4=","cUHzky+CS/ANectXdBfhtulM/R5uA6bSYhrz6eQSDSA=","cHIi5QsqGiF8nAAGFPtVwrouxc9bgYasLqkZPSyYSfU=","lKCNR8SmTkpwVJgomZnF6KwlxUZ8mfm7srZEA/Iwndc=","m1pbnPSuH0sKNax939E9FfIBZ/eC83usx+5/zrWYuu8=","fVrcGuAaQtHRLfpihaCewl/9IvFqor+iSQmuNap1RAI=","YTXKsRBSW6BXQItGsI+xsuiNBxZ2Pa1/6VKSUBcl4N4=","j0bVkH9XzzDpF+SU3YgVjD19qYepn+u0cUPrFRMKEjg=","02pCujnQyu6m+H4GAZBbRzvCeLigIhxKzL5vvYR+Pg0=","WAQqv8AJfvv+og70cEvZEfA65WO5Cm4F0okuW1LhTgA=","MqxsYG+cH7gGxKRn3sbkLJPtBQr1PrICcfv1fAIFcbk=","LB/bt/iYeFXeYA3wYKpggH/o36cOIpkZMazHg64Nj7g=","+dmb0OSRhO46AB430RKoRjAypvWNGU+3fVb+rChIbjM=","32e2DwhKJsP5YISsnmtb8n2TyCtkXyVm1OLdEvx9moc=","i4T/KTg2yTBj79d3IgQ14qpa4G8C9UC3Re2Sf3UcMJI=","UOtMjdYBkS+mRWxgPDhI3BBYly5fEVHD50d8TT2Igvs=","WTEQp2Z9nY/MeiZX3Rxxy2npoEatWKpkYmyuDTS6E4U=","QetW77kAPiOrOhe2LHLgGgszvvjF/EmFWeL1ZdxyF2A=","1/dobRMjUcYaVnBoLnFTByCM59c77dPEYrWJBPP8w7s=","t0fXTo0DU1s8TE1uWpXeKcxLFGXYddEHRNi7CSZkaNQ=","pc834zO1EyktwpzvF7h2U6Ro8xEWsVKQoyLmFcD0qD0=","rlgaSH0b52c2E7dY/xkcPbDidNUx+Buymng38YZVup0=","ItC35kz4C8x4DUiIlo57ucgs3reoSPSjB8GatHT0SwE=","bSeB9jkdqFBzeiSY1vOpkF2ZBGA0mge+kfmFu9FlGXg=","zEVWID7vkJ3s6/ASj0Db2ISdiRWipIGpbVTOIgzZE18=","F8k7NiRQWA6Bt+JCaQdjusZeZHAZp/ETHKCbZVrFzjw=","ZEoysTXasrCEKoy9UA+nEwcHKS2qv0B52+4C13Hk/os=","VQNf0Z2JjZVQnZPXFoujQ3nSwQfJjbSKljtcPzuElLA=","fsyaYeb3+EfgaKeRDE/qXiuLoidSd2fKYjUEwOe6nSc=","VyFnflXYHCxEkr+pq8p0KJ7NxNUpQiUdoU9fxgDy5kM=","OBsZAZ0DJ/uoIXLdmjpuvx7TQWDpzN8k02HiUkgO5A0=","V7urm2GbDdlCGoe7wk7Pufi0wznhQi9M7RjvK8KW43k=","77Vcwvrcc1v9TFHKvMuZfxlGAMk2U8jwFgGRNyw8NCQ="],"block_size":4096,"path":"public/actionPage/images/highlight.gif"},{"block_hashes":["avLbD3qlgyDIv/Z/wm28VPX5goRNL0WGbz/O4v4Gepw=","Xbcmdqf5M2slYfpFlJvvqbHIy+DmSl7D6AUhhCxRgqU=","IaMFqMttMCl3aUjeKc2KlozN4qnv1yurXaJBgyySDcs=","sFbeASQUZLJG33lW9bXuAVLPQyWW6DIuCyNKgiZMUe8=","rpKGZPo3r/POtx21K2OoiNzhKFOQgE/olKzUoOXZqhM=","Hwws5l+RJHH+McveBmsjOL/Yach/5NJkyZckjstUzxg=","/wcCSAYctZvaYy7RdO8GHECmvq5BFpfjklQr8rfqFus=","/Y2laE/ZTaWik4eIwrC0tL1xXlB1ajgoQcVFGJm7wKQ=","LUBFBsAXEFE3JTztWE9hb+Y+AB+ZgMT3jjjyJh678pk=","6vvEvNVKKQotmQ7n6capkuMjQMFHRKkOOn6mHI7AKBo=","difGzdfDyuD6EoyLi+eX4szv0GW1xC3wkRgaepFpoPM=","A4FJNyVRyzsK0N/DFyNkOtjivJK8Y//e6K9ex3/JiQo=","kjalZDKmpCMvG46v63YnqgcsXBN18MJVmMnZJI0x2IU=","tJLAskdGSQz77GbkxeZ0WqOM2Q+h3egLr1y8A2/lE5o=","zYNFIJH78vZswiayEILg8OqgYUeG8g7dC3oVKd3HoJM=","eTZ0bkxMTW7c6g5biF01ZgL5wqzY+AvazHdYjL25/BY=","P3pnSaUimbL4HgYT7Fk1cD2m2OcXW06l98nussVWRDc=","islTzIcnq4I6iiK8DAM2da5IU3BElaWspQ0ttAerHZs=","UL2Oc7u1wDx2yleGyn64Le2Gq5/92K5+gokt0QcqRtQ=","FvFcWB/e1kiqrUMkeE1XjM9C6Oro8cHG2oH44mjVF0w=","z1k/ntplmlDWOjf6+0ypcUDot0r9GLSvbYI9HampLhc=","IkKl1ATRvpUBrMj3fi/SgOO0tR9uWGhz0Dv1pMHLC1o=","TOa/XFDhjJEoRMp/2rhDC23jnlJF2ibXVCe2VU6aobE=","QCPXkbj4q7iyfBllSQ8u2nqCfvBeThNaDhJdx41a+jE=","aEOKmfMyh6CVXCKdWVp9YRLL7N8hQL9weggFtleH7cg=","YddZ/3Od8ix85DOzULCwvqqALc9gloyNAcbAQi7jUSc=","X5aHSBz+A36qGkFZyo9vAHuwg2zDpt6vUeRPbJZRPMk=","9zr34va6JrB58mR2cjwwEyq+S2rjAFnwCMp3fvhxykY=","PtlRsJMmEvEiDlS5NXTdjVupncDbUiXRQgO9wFVCLjk=","I2BbgDMJ1F+FHD1A+UKq8roBZP/fAGDghNHEd0aGYmA=","YrWZqV71wElct2gCxP7bweSqZY2qzZ/Z/9tJVa2w5MM=","kJ4h5RPEgSyW0yG6rQUcmTHIA/4cP5QgoG1mauc4kLM=","dQ4XEmry4vKujefOa+Ubz6K5VkaOOj7yjhCcb3hOikE=","6Df8uNx6+7GDkIiahnV2KAfV8zDJvtVP7MExhG5EEOg=","0Zr9YyZn3jPOVc5KwO5iGBEzgUT77K92lwo6maarQ5Y=","TZ5EBoPDbPQ+OE2VGjkZb9ATuCra4ZKh+WpqCmazRmg=","beWwcVehXw1rWyRW/6LdUS4CVR/m3+RpITX/TQS5DeY=","/5VMPJuNsQQT6LigiyrSIq/8jiyEFMOrMEB3EfQwKTo=","CFCVCILQUGkKjcaw68o7XHLO2no+fqWNTSS4RDJ67Js=","tleqmIc6y4kX65g2oG9kjbpGvcseozmVyETa+DaRxmY=","GSUp9aiKi7+Bx3vWvM7hezyMyr2lzUSoh1WnkQgZfsA=","m3LdC6R2WUwfblaqifSPFdI0BjdG8qChgqaNWelHZ2k=","6nchAe9OSO7j82QMeB2pm71eRNBZ2Q5jFzoKH96NUoE=","i1DiXdBc248mgLNUuS6Z3QG4ntC8L6I98xZiB9bOABE=","aO4OytTvZdDZr2wnN54Cjp8AO7t8fws+oyn5qKWJD4Y=","ljdbhynuSEPKgieMxPQcoY3+LCJB5aatAeXWVOSnpOo=","IlfMiCtIDgcs4uvQigmG0+ZE5/K2CuNbmaK+ZO5YHIU=","xg4SxyBkaK+4Ex6AjCWntDz/9nvZ4pceaohT4/iwNMs=","7fvPY8rx45aNMAbdfNsiSITkF59KFmu0k630lT95u60=","hAc1ZEtskBPK2P05w4Syq/OTzK35//a3BfrJwiLgwR4=","NobXAP9y29HEo2XDtriagHy7D4TjMwJsX2R53zPmd1k=","bRI/uYiA+f30uHK5DXgjYdLJ2ZmW24DvbE8MymFuz0E=","Cy5lrbn++/00BB2xUu6zVMhi7o4WT+ZXy6bXUmOO160=","dyiOkaeLdJ/5EEYPvI8hQDmoDNNa7X0dVGCtPS26FMQ=","EV99ufcCjBgz8vrBP9yOkYJdP2SMCbGWmloPJp3V5as=","3dUE7Q/vlTju0UQK4j3wSa1MC5JBRsqT8nscmt3laD8=","+MvoNgVNCJgJwS5oQ/4rcbYy3/n1SSYyxDxyFLwKZeU=","1Hj/bueX5rLFf7BSFPPP+VXxmueAK3y4CoFNjKlsB5w=","gnFiXDehyP570KENTkZ8V7LBwQOXMlQjMXtxujVZV40=","TKQexpowSoIan5kTrzIvNysyQcUNlRcMtOPBCz5FK9M=","co1TC9aelqSZkGJbnTdjkQVIFnnJDFdL99UNANVlCqs=","6GdidFzJgaXMoTFlM6rpNx3OaallG1e/sNyJX0MNq6I=","BshFPV1a5ZE4QYWz1nVJeYzeOTgYtqGvZ4XnR7OaK/Y=","iQVUCoVqN9KiBwAnQqAQvKKVW/Y3C50ucKmnJjhzJ+Y=","OfH+OdBuC7vv0SMCZz9C5fIMN3fMyVgvH4NCS3DbQhw=","vDuNrxhrnkVSRJVFG+pPekSZcYKLhODXNRJsixQMlO8=","7nkXtVouw0mLfjwUEnNoobd7eXjikFN62iAx/B4/RsY=","UzMRX0W0poqxE8C6zPwE5aQRQRpoECc+5KPVWXd97wU=","lqNJF4pVkIAvhE86jHACF2GCW8K/tbvDDAHLL4//kzU=","WG9pe6Vhu4ULe/Pf/NdQXykacE7x/UUJ1CojqakdQAo=","I8w6U5qNpJvWHKw0yQJjLXDVweeabDcIwYYaCgp24YA=","8fmGtV93xnckVxbjH96zWNlfDy7Y/Bk01lAHfL6aE58=","8BHlbZGIEqQ6sKFW3TC9clLWYX/J3keBqticr2YOMmg=","b97Tb1nkIkLEwxrLhvvEIenNo1uzdug+u1rXagT43P8=","uUjyCfT1+O8iRNkYkG3i+pq/1tNBKD0QFs9rs/9iRCQ=","C0qEf5lk2EVF6NpYWZ9vQ+ecLNzY17AZcG+hQoSxMYo=","PNRe2nIbuuw450c1+H2j5tWwKI5a/DARVIv/7e525Zw=","kzL19p0bl3z2aMXN5UT4Un6H5MxYoWi2axFAJuGiR/Q=","bNZGRIfykjkpCj/JrZBIRf1oNgCylZVWiC9ityjo4Cs=","e1lggdplB9bkS4ONlddEC+hBzPcDd5NjYmWw9p6Tx+Q=","yKII7Qjprl6LugFs1gB8b8gWJg2EgPCWkCD8nFFUJkg=","sTvN7H0VLZJB9/1+JTlWrxU79dgHqrR+gTn9dbc8bhc=","PkKkawDg4xdXxjwKW8Dyk/lxf+suw5UbMY+jToQjcig=","mk45bfjjm3fw0ZAd7/zSPN6ewDU+LGQxKldwUxsJp40=","oMfoAbnTQTotmNFkeSG85EgjmYgYMEhghw+3R09TJLI=","MWG3/1+GsbCf40Im3m0P+0rFjVT4QB4zSSFRp8tx5tY=","Zm71AubydpjBcfo5j4huu+dwnLJzlgkXnQjgUy61uCg=","b2geliRODXwMGJpaNAKyCRh+bCLa0rraxAvu7g58a8Q=","Kfp7uM0GpBCETAIDdmRveWkohH66PuNisBp88mqRhXk=","h5WCfbcRH5KwOUBGaJKIIqB+I9/5KKXuGgTj7B+OS2c=","Ig//xUNPJR5qRuvZAqNxkS9W+bqWvT4/i2UT4Wbq1PM=","xZkOb/9NG4dGyUgi9t4HaYMPmsWGsftQS63783eA8nU=","rdrWqlNIakF1jvgiGQIz+KXnT3mQ3V+7hCtXfzDLasA=","lr94yU/HcnWXnSPvqiTK/bTs4TdopQIfstzLD6hQruk=","4fBU3c8c7UWsi8nrw3nd6OyxZJeO/wa8r5loz61B+rk=","mA6i+QnroncUh4jII5bDg1K1tQwytoHozBajxjUKZjE=","pz3Q1gWVdzTMyEwkMSqLNogPQIx5WvuZIgnTrVlVVsU=","AIVij+eF6H9M+lsCmTA+WFN/Hrmr8Zzgg2nWxDqJwpw=","8V1dWfDw6W7/pSUQCY5mAI5grQLj6sh3bbCfphQg81k=","jnvJu4JNsN420SqXSBCNN6MZWh68xkh0F+px1kvsr2s=","n9E6rfu0ScvMmk57y16DLhHXtQ0+iWjaV+xN56Fp8UA=","mfWxKoYkLMRkCl8Lp6cgUDs5Fk6XEtElWVL2I40loQQ=","bWSaltvmsQLluv2B5B+Qs6pUGdMi4FSZ22InECusWuw=","gE9+sqq9Wwn6PpbHA2VOSDl9Y26kxsqx0ijvKM3QFD4=","fR247zabIlrjiksQM4TilB/RgU6h7awLiMkEJkJdOoE=","GJOC4JzpsJwpXdB34qZCRmVcQ85aRmK34OKgqBenapU=","AgujJNk08Ns8+QSKhZ6iAYn7KgF/uIN1+etzJottXfk=","niIy9dVWCnzKhhS32U4W91hCadPimYk7oPWmIPy9xJw=","NCCn07UFsnir4WdfWIZlPrdMYoqLM8XAo5mdxxGs+j4=","ACFyiJMqylCi8kBs4urweZfti8F8cbLPiK679jrXS/c=","TXuRydiTWfzTmbi2wBNHhTE6t2sbt99H7txpnEueUVE=","HHhvjalO1+PKgKwIEChOsmje9O0wRnKuyoFZRJKdVsw=","8cvsxHyuFUYcHQRShdTQbkIb0fICUmyTERlwHm7Azpc=","BF8K0yVSzX+cqHMmOMxbUtxx6myPe57jFrTKvCWAmz4=","fblH1ADyaesUKWYz53IbXu4MQ/qcRTXSrbQgebrMZtk=","Tsf7AFVSWeoxDH5/C+sVWxzHe0Yo1/q09+U3QFFQ5Uk=","HJuHYihqgmDIMKPpnZurMhMC0GBZhViRZN4DC/9pBIc=","wMbxVMsIK7zq0h2haFDbkKLJtpGhvL+6G3AdDEKpHKg=","pTRgPmm37+IX5BB3YuHHa/bZLPUzAI6Uc08fG4E2yOw=","ezHRmnkQfb7E+adh8n36rZf6s7U+zDGFh7RRNB31qF4=","Ia3DwRvIfzFoZAxnlwHSSYb+EyxL1K4OPCzkzlpZxEU=","cKTSQ6X1gSjYBjkSb0MRvxhL9s0YiDsH6xqOP/ILcXQ=","vbXGw6SnNKuHiCaBDVzbouUaPDxdpWmwf9gvk6uk35E=","BVjH3Nb/C+Ga66SO+BOUlkzxq/2K2A8wsSUMwn3Wlz8=","NWNPPn0Zuz3XeXe6N6NHWU7v7mXPk4ZczVkdDXHb5zs=","GAkdHBxwSwlB6RJHy70k3I06hgPtFB2o9o24Wp/epco=","exfDTpk0DN2pIFTou+VvBRQxyAgp8Z0/2dA9pwpEqnk=","hq9g7aZf9wmKDQrzMRJ/Y0opKIDpnc5KgFQ7XKHGVNQ=","7PNcKmUwZ5gXsoDEqbv+ZhCDtQgFFTVdUxyKUG85CLg="],"block_size":4096,"path":"public/actionPage/images/sticker.gif"},{"block_hashes":["RhDxXePnH03S16e1CKOuN4l6mJroEFqyY67B4dLrbIE="],"block_size":4096,"path":"public/actionPage/index.html"},{"block_hashes":["Ex9AxS5zajGBY5i2Po7365zcHEQcF6PMHLGKTeopiz0=","7n5mhnCpADnHCJs+PmVJyFQ5er5x0WwNoH2WoQhiSJo=","TQaRWpC3+BN8NokbiV2XGA1y7wtKUTyzWmLPq+lyvP4=","gTb6Q+RwGnlljlNyCxw6aOCr2nFXM52a1jYVtvmo9SI=","1Wa38Xpa+A3YvH9NZ+C6rwZsyYXiL0b+UReY+ziUzbs=","L7Y/iTyhehyXaBF/2uCTfbknml/5H/1X96RE7JBQvLY=","OiP9+hveOHVpLmGzlwJmbbEVGl0eRQazs9sB0VdUWPs=","r4Dq0nKuPu3LonzbcryOssWnEMM7NvmjBDW3hx8/kqo=","VchR810+2jH3Si7Ql164ExRjUwPOO1r7SYllvAoC01w=","5XBmR4TWR2+ufzURkBBBPq7G88U259QhSWK8LluAx6c=","gV/J7/DU84YPTBv9QC88c1JnmHIol6oaqjAESBRoj/E=","xUkWipFAMUh/6bcGSFSQjOVlf5irfqcE683Ez04lCTM=","yLpEQd8yZVR56WNonfdZr0Txh2GScnu3GhzUkDHFN6E=","u9uesC3dlV9aQLIQcNWCAl6tMt1+u25hfSFerMpcjkQ=","mriB/Fv2wzqEXXxZ32yT5xYHlJ1P759meHyzVyvExiw=","IqfErqtrQW65uVgzjVrnmj73xwe7vfEoJxM7hSU0ZoQ=","mUyRIvMKqzYBu5R2hV1EX9JHb+OZ1lcisS94Ctfo4a0=","23C5mWCg8OYWrSZIKehTX12IkdK6wI1pcDJhsKBqySw=","fATpwHeKolg8GsxySHkFubackwLwZo6CeCZAKO2xCRc=","J83ygshgwbmVbDwnCi8hmlO4ZXk3Dna7mjAspF0N0ao=","SGhBPyYc7igdz2v7wBSbsK38dWy5SaybjLtlQJmdHgQ=","kB7huipaNbA+fElHQ5CsDQzHDwKlZDvu44HcEv5P7WI=","K/qooIuP0JcLpr5YtHoT4G0MW/ZIEZYYyl0OtNI63fA=","l8uZgzNQ35sqCK1cfJ33JpDaDnnlEAQGCs3GYexHmF4=","651XLFMqSnDU5KsBj9ROotWjimm+sd99fPOYIxKVleU=","zXXMSPE9UEZKw8Fp5+l0bULLdzU1vM6bGrcUphk3NJk=","db3i52z8zvTuQmuF8iHuyUp/SEvdwSNBmkTAT1HGrSE=","5KhnVt6ufvA01Ly1LvXU/D/s6LI3mC2FnoVa/zXZEEM=","N1Wwbh16ZLLcmHpmoooyFnQ7BRI2vyROE0C+qJ/VmV4=","tulATcTIOjDRAwnunbWT+Qu1piM5h19/PkdK96NY3No=","COpi1MDPYMPGATgH84P0PaKj2rh619JAwGPMV5DflOo=","0Pvyj/oWVXO/fqJLXoUkxiYFdaat2eIbSvccLuDBhVw=","P5Entb5KgSWmFGGF+zORSjiX1pJEdSCXONXg/3SxfkE=","3gDoP+X3DDraRHkXgrhK/WG6DShfkBYLmcknLVfCRao=","FUvQf66xLTWlpiyfB9yYkaABZtRHO6GCa5q27fhRVYM=","PBpWsdCr7doXGqSyJLj+iVuWp+NjFVJdJ3jrCo1m2E8=","V4J+7ZoABnoAi7gpiALm9FwmwDQnXq0ECa1Ld1Q63sU=","BE56nXa/xqtCFpP5jsilunroxlCpdx1EoeECLJLmIeg=","LR4YLHVBH3TFYMHfxpvlvxGftFUc5X9tIUoMQ6B/sl4=","v/CGf22VRKmdQpehtI3PQfEhacYgyRBF4MejmixpRjw=","Gz3T1CEQ2wUXHl8Va7BLNUbb3IfJsbhDlEQqOsNo7n8="],"block_size":4096,"path":"public/actionPage/index.js"},{"block_hashes":["sR3YHcBxqAgkUo5bT07UAXwahEJ5UlUHAjpf/5H8otY=","Wp86hMPDXO5vvri6YTeh0dQ/CKXdmEl06oeqKR1GJKI=","w3rWuSj/wptSnP1uAOahpuy/DL7cIRj/XISYZUQ7se8="],"block_size":4096,"path":"public/actionPage/InfiniteScroll.js"},{"block_hashes":["jXNQ6ZGdkZA1NNMkJLAmKd0K1ILp/0DsSrBiHrMm5cU="],"block_size":4096,"path":"public/actionPage/lato-font.css"},{"block_hashes":["DS/mro8fYTy2RCrox7ILDXNdaTzGYcMjRpoov3QMKyw="],"block_size":4096,"path":"public/actionPage/page.js"},{"block_hashes":["MwmbUJS6xZVNyxjfwjV6cG7GEcksYq+sq8ex1mSzgoU=","XV0KyRVBm066y/csryoffMK5bxwuJGtJ6yB3SsqxMxM=","SymWJEibHE2gyHkOe7Y4cZr0Lcoz8rPOxCLTde5Kgtw=","fGWl3l539s4pxP0k2r5nl0Md5mgGOXg8f7JQtxWoKF8=","jNkTwQmiu6PVUbWZdgkdY3+TKCNopxjO0lnfez393AY=","H4DULMJ06t9BrjNafxcmhYj5f7yWGuiGAfnkGv+u8EQ=","na0LkH062paaumCH9zj8z8obHMzASmlmijUPWKlk5TQ=","OCOaujeWisZAQMw0GfyKMZEY9QH9h0HITKSjlyTDL74=","RIpZDR/mDv4PpiyfwrEfuw5hbrQJpknQ2rQHeFth7Mw=","jBhwrn1itT5IeAjTA56z1GzUhA7JSoRxy8PM/m5RNC4=","DHWg6ur5655lDGAY5RTuoTqOnIF3sv4cXG+Y5f5BIE4=","l5rF70NzUcuw1sKqK9had5JjhEqw63w8M85PuH3sC5w=","YBKU7HH660W/YlbCUULWgZzKb2HWidrl3E711qQvcXs=","W74sph6MfDQKgKwqfvKYGvTPECIf2PFC8R6ijP6+bms=","JnyFL2hnWM9LUCAlZiYVDkB7PH2eQjQgDg7/73dtb+o=","IWNalPBlJK0hTurqQ8oivrCEo0sJ1n1TnmCZLp5FJWY=","1z26QVODvT9GGXDHpgAruL3VvZbs7Qf65mne4HSSJL8=","DmQXlm7NPfsXizXfChiuWikvMgOKt9z2P9ZIKDgxMf0=","NQGEZw11iMSCmIHXixK3/cb5av6Zxul/JfU7CNq0S5o=","wRdaeH+C3ZsAydC6/QJHy1gZfDduBAJmNNCq7l+Irsk=","kduUAB5PZtUGJj/N8n+cZUxzqz5LB8gBvAmb/emr6ZA=","jDEO0vjVRdtiz5BnfaClC38rFh66lHgY7QxHmz0n6Hk=","6jJ8KiG9uF3o20mi6Z9ZCYR6KZXrwf5cybzo9r3uP4Q=","oJU99J/xUmwWQXymDkvfWTSMb8JwAucE+TQ5mfIhomo=","RW96H0pT8Me7mQ3k7tzr5pRLYHxjAZPi1MYSGdlv8DE=","cMKxffw9RSpIZU91YvWrsCWn4WYdFIDcB8Mta8CrWvU=","uPizeZLTuYHqAb5NDKMsBHQsBMAAAUSkvxKg6lRL7Fg=","zidGSKHoO0u5iRQ/UVjjrrjld1iBYLWPQT2XFm9cD1Y=","CVwhL+LPh4YFYdhledEQ1vIRxVibpnx2ljh6ru5DbRY=","x9+JIiJgnsBkkMhOIwNldSDMS8+PRZAeP+3rmBI7QiM=","46c+/Z8yqpbcRj991Bcfh4VfdPBRljlZuCvH20gBQlA=","sHUS8mfEU7d0+sAysY0S/2PD7DYusoUJRQv6ODRlalw=","7LFSWkzwrp2OoDxaQ0KA+BQT57WU0LKrwdOe+2RW8ss=","5Kkbm8Ue1eoRvUh5jQZERrFs5Cy4YKIUKL5MsbsfDqc=","32PaFv6MCoTKw82hFa7rW3Is3atoNgmJSfDd7tpyZlc=","kxfPv5Euys8b8jRBJniefHPOIjkXcYM8W2Wkzty8Lzk=","7sv2T9ci6KU5UvFt8W3EiR0uOKIzES/OPeoIq0OkRNk=","pf86YyXOlXj9kC0k38NCj0AIsQSbEvxSUUN6cM4+izg=","X/iWetTBiOfdgT+TUpdjXTbOLZ8nJ2FCbwgNMS7GaHQ=","e/NUCAB7teGsHJlXJns4reprFS4rDvRqgxNkM1XxIS4=","hPdWaFGKtg/m1bSLx/0r737TSrui4/yrlDBdxZv+Y78=","W1XvCfrhb9aDUtJLTikAWhRHdUI/lFYRp2d5p7wpaKg=","3v3H5BFAmybW2PVU6v0VYJATwc9d6MuO3xdgy3oFjWQ=","MzZZdsGaDbOgMgaig/pfYb4DI7yrOSCGJ+JdiNYDOFY=","qwhK2EIO3wTwMQg6o9+k2fNIFhyqlFlYezFA8LhvT4w=","4hHmrLWimXw07Ix8b8bzr8G1SUV79ZAO3ImfiZbviWU=","QHQBzqk0aIRP6xFBXn1nA+C7u3MpZS5Ji7feXJ87kk4=","DGg6cNQVaCTzrWSTu82FxCE+bvtNYFZOJGNXIR0XtiI=","tUJ5o2APUL79UU9ZXTMnGC1U193fxA95xvlyrROpeR8=","d29Reb5n+rEL1mp2wFGPwXUhw4fEw4rRuXXfBPUmAec=","IJch0LyxxOlVdU1GMzNC/1WddYns183AmvlonUV339Y=","skutVyNYibNSYHRHb8p9uDkvwAPiBSSKTTbqeAZ02pc=","bd3nBUKKWCwK188lUwcV6vob9UmMsk12OpnpHyggQK4=","8AbgY/x4u31pSJKWE6et5vRjTwh012HD1QIhuzV1S+A=","/GzQh0WTIMQ9VGPv0/HLZFvUPjaHETYqCzOd+LvHhe8=","CiJj6oBpx67YtDGeHZBDLw9E+GyP24reol1sOAkFs/c=","QTTJlkTdplRAFHPwKwIkAsKV6/rrKhbGbEZuBrgPoTI=","GFnehLq/Nwn9ghkU6aI4tPVPqIuMfVFhNLxwZWJqT0k=","C+ceVemBDJmJNQeKYlxu9yxv7fk1WgCLGJG1DgaayaA=","oKJ+ocWS/SmcApLEHzqAzf+LRkZojZOraQcvo2/xP9U=","VRi0BZvFnjQ8xpcbgqbsXj+iy9Umvn/UJ6379cbqwkM=","9zPYRPfUeA7BCZuLdgBBM2vMyGEf+0lcHCu3V0vAOtw=","4eY6wIt2U9uAtjqazJoWpSdFM7vkggzIK38NKE5f0O8=","RUrTxmUopCW+4Wm9HvT9koJ/XTSOzq4i6a5PIqghS1A=","oF+qNcDd5FmmlJwdQFqeJvwHLPl9d501U6dGJ4p9eWE=","o9iUQ93lL4Bpy8zsWXnLhILNiPonuO0szX8LObhaHl8=","D/dhhdhe4D8l82owYvCOvcRrlj6mkCDYQpLLQM0eQxc=","yRN2J1QOLErcY0cBB16xhBu3xWqLoczPQm6zzKdMTJY=","9WDLsc5cJwScCQqmOiWZdaJBwYYBLttXJwH2jjd4Xo0=","S+dmjKTJHFk3hQHUMlUCYIezTTEGiFR2eBAtjvfR890=","q9OhGN6mOLUqljhn3RyCQPp0LMo2ZP7yRR0oV6n4VY4=","myw0RqKoQNuzldr+6kRvi0DyN7Q6eEbSJNHSP3pPBGo=","6xydL1+xSZ+/GyCLqX2swvwJl1XKklSvq4CjSC7EiCc=","3qfpNaghlqnlu/AnHEfLYY2jqXSOW68D+kD50HOO6ug=","g4njOwLpbhIDSECU170zBtZFMf9/9gpBjLOo03ji5QQ=","/4xmaHO9MPNpilTbq6seYTuAIL1v4JW9PIc7OqdRnZ0=","kc/Uq8IBHtNeOx1i5tbH3s5rCvzpb99IIWS8lwmG48Y=","Oebd3/u/SD67qp8wx5JfNWc2rS3psyvIbsDRDkqccWs=","lUhuWSFS/LpbXt2QZpMeJMX8a7w/vyXiFlAq8QFV5P0=","fxWIzxwil+k3uog7cH1omMEGNQpizGBOqVZg5rOSTUk=","dUmSQ5lJQazPjt8RN9lsLIzDdq7+jqAM0b+ACpDVbBc=","zeazMtP8+nrb3gJB7fFnUzNwl1iDu7ReQroeazaGr9w=","l4VgfZp3ixKwwVaBQwnx+KaoE0arGwR/s+3Lf6pRVkM=","K5wKE+g8e2Ozc4Dp07k1o4sJ6F3vw72iwSZvx6zzZ/8=","cvaUGEBv62uEMI1e5rffUg5NWi8rnt9tZQZj64WuhPk=","DwJ6R4H6kdI3eC92SbzT+BdZRQqTgnJ/FT9UXuCuLDo=","oGPf7gWNpvAXYmNNj12k4tK0scxVQCM/7zkemx5HwLc=","ASKFSoD/DjTf6SkuOwulUlRPSG7VAZq30kPq4PddFJo=","94DCH6L3Sr4mE44cwQlK25270WLKlukh6VAzzmpEkHE=","DfKqRnxgE5iB66saM2jZ3pKV7sTN6xNmXiBxrPiJVKM=","S38GctljAoAuGatbBekVC23vQUbaSyCSGUeWp+RGxGs=","S62gdpy/rhlWM8TgVhvI2aJWh53Ie6ReZfhVpXcut50=","we3qIjllVs59bLQ606DD+nn1yITtbscfqR0wLWudiKg=","4j5QGK92e2UP88+pDknRznT4orMaPW6M2nwr5eLBk90=","UcJSfZIZOEJi//B4KImBr439bvqDtpUoVPJMKP472qA=","puQXIdXM/d9uJWa0H4f35XF5w76yMiEL1CquAzH42cc=","oOxnGQ4b14bI+Dk8N3tf7NdiiYZr7/9TKfuEIIeb8m0=","PYcMgjziAI9QivBxRRTOZYBa0H8l2JZVB0Rhs8i7HWY=","TsUzTxl/ZVSJp35MJm7uVBgq8HWi2DTmdl0cM/aZSBA=","6qUCgDrUdn/uXnW5HUWhASLmlsta6Ajg9QWPgLz75mY=","dveei5lCp75V+PaqwQOUrlvKgbjUgLw4RhGLpSOchLI=","YQxW9nbRHX/JQLv/NyfVXZBdKadxzLsMrKrqOi6ZrgA=","Tbd5ls0G6/aF1gwcc56CnHMYMtzJAkCOpbORA+JCrSc=","pGhlTzXq0xwJ+E7+fNL2FLvbvxX9dOdFzXurVogZz0w=","Ma/K1o993dBWSBsRrm+ITdjI7d5EZRidoKS7pck0fnU=","0GaUGGt/lOCeXgT4Rpego71YSteMwXAAyIl3nL5/0zA=","13JVmYGgFwke9iJSEeCojb5BbfJ3vmFdUAyhK4u1QQ8=","nymgzLNXMQj2a7iSFPTpKkzno5eHhTGAr9vqoaC30IQ=","7csI3U2xszEIlwyavHW58Va5bbRtO/OQtn5XGckgZio=","2zYChlXcMKpDlhOwdKFFd8Yn3JY+PjsU/m0J/2BpJ90=","cppltYjEJ2o2W1FLy6Gs9DV+56N/UBGXxp5hN0BxJ40=","BnjrOjM2z4JWKftwwmAHJs0sbb2CPs0lU/TExRNTt4Q=","hKbYo/OqoDCMA/kft3zxIC2Mr1r16nqVRewL5qffg9Y=","JTGb5oIFtzxUPnHzedRI2sz/0VtsZSAJcaaoDGfwX6Q=","dsOqTpN0k0n8JVawp7MUYYXcknqKe3IGgDEMKbxMVXc=","ggh+iOcWZR5I8PI4hcl173/NwE0lRBe4vBIw6X+4C7U=","iTvC516Mw5fBSz98vyws1eiAqK7Wu4kLPjudoPT1B2U=","Lm7cpNRzVcZ8znkyPtM3xP8zTMxhi4F5WNa/gj0S2t8=","Zwn+uVkrRwKu+z0Dp0pUzhn7UC068VwkYhTJzryj3zM=","kEwTi2p+bJCWFvNTYchDzWRn0lQrZr9ar7xpKg5LVo8=","0I80TDlvX0SmCDx1AKZzX27C3C5iLVl5iRxR94rZLow=","RaH6DTNVkS1wKy0Zirwbq9MTP0kt/K9bbl1m4LnZwnw=","AuoFb0UT+u9V8Ltg2JTzip7VdlDzN4cBLELQmjdvJRM=","ohCsXFnvgTU7Tlc0Nxn7QYQLV1rOFfP2UsKTlB+WUmw=","BqxmofaX6hlsAPFCsfhWLt/VwwxeGtHscniJP3OmzuI=","1GW3wVwrpNV/knjB/nBQyOVYDXG9deDK443aCeCGj/I=","biKhwh7VYZ5S0K3ETzoIht2lirKve2oA5jVnG5cKyLk=","cbUxUiRnrB8zVTQp6pSFbROmU71d/WmW4RTKfpNYueE=","kAGWpl140KF0mt4huajklknfRB17QQgESEs+tEjiYx0=","2hnQ10NWsFFJL4s9jPerlKxEFOPy2mcbLzWDbXQiNZU=","OhlqvCfNserp78K2AwnhsevpFiBWh/I+TSUxjzbt3KQ=","Ac5QHCHAVGPxK+JaCAArVh8Sd4G5DE196rhO67usMeY=","xDdhumsIDXFwKyqkRYS6KXFYwiBfdi54kuQOhE3USfI=","dOfmE663u1ghwePlc6XAwkwjqh395yz3De6uKBAucWs=","S6xpgsW2WLtj0KWAn+Vh+RI7cUD0xhiL1H5RAi3cIMc=","zCysnCyUvHci5jiGo1v9nr8EEDyw2vfkzsTwP9plQeo=","WhL88k0HQc5dwQ2pns2FvgUf5n4RxBRwsIYHePOVulg=","EwofVO8LrQApwnOo44zZSd/BzbD4ko/RIVZ+wF7ODO8=","SYib3e6qVrU2bRJvn4EMVpsjFVMGCQ7uSvx7zUCLdtU=","KvVI8WD7J3ygeFRdEhEp/087oQmozkxQHbiTCAAo23g=","z6FNKl9kn0eeIXHCm/SYo5fHaGC29BNvGIqDkEwjtL0=","+oTq+zInhLZ5s9GZDIFgnsCu1O66sQ1Dtk1UPRzK2mY=","tPfI5bqjJPm0eTu8x97a8jRY4PB0Y0onB5NovTD79i0=","0kwM+BsQFpXZmOzuMrX9jH2Dh40Yi/DuYtbMtOQtimM=","XrLtLl4NeDwQ/pwh1eWrut7okuI9II89J5oK9McRHX4=","uCiTHXZGh0y6+SM+aGL6ONO3YqW91sJyAGHt1ITz01c=","baV/baI9y616uFxMgrrjTIZQX16ewHA+0ZyTgvjV4Ks=","FhNeRv9A97yonmAF5A1XD/qGui9AHABRtDm6BZhkVhA=","P2AMc4F5T8yIxALuXCE83UOkg8FCmrQNKRL/aDCce/U=","3pjsXSIzFY9BytGGJ8HRwUgmFJxnhEHFMNy54W3LTkc=","fjSki+UMXuWYYFXz5XjJuBnQMMwbivl2nFuX/Yh80WU=","ZMnnBlIDXQ0MViMZiiGJGAjF/esMuWRISArxqhGHHb0=","7404xaANaCYVyWS3LnjFEhcroRS6WgRTUBJ6sKXVlYE=","Y4Q2L7/Jc45bvuHiHcq8JNfXnyIn7G0hf0qxZa5L5W8=","vg6+GLnxCtV/GkoY/2EeTZrgjZdfiirurYg/h7W1kvY=","r6docxrcC63eLRD0AEJPysXP8OrtJRr6skly2UtUeyo=","bSn7xXtCsp0zxp+z1Kvg4GSpPrmClo94Ce+0M18w8vM=","i5GcEkUyqjW3PjLK8sjL6o8cJ60Rm2K0lMIKPE7VrOU=","l2Aqxq18sVrazP+9q2Fl9ugDgV3VN1P8D5zfw+YGSZM=","H30oYZoXH7YXLv/OuX9I6Ssc9xGv6x5jcQ9OrP9hZZc=","mMR45KkEcuIvvmqy1Sh0bQkF7fKIi0iJujmqp6Y/3fQ=","c5Co9xxP0DPfVFJ6IiBLVOC5jFbPZnuHFrjs6007pB4=","Y+7jSWQeZ1GXad1FlH4VAqebdUg+cYV/57V41HeBr8s=","eI8PZXGG6yoqF0Uu7b7v/t5veS7qV0BGGH7iUNkyE9k=","qWTKBqoLvnJgdAMO5jKiDNQ4/tjxVPqezAm7es/3+ZE=","F23MJd/gFqhjTMDIt5lVkunv34Xd8sQHnvqfT4ltYzc=","r/fDzrjKN4c19f982rGOiOQFOYMuSqJZKpPaIkHEEdc=","aGkgnovU0WblLfO1oiep10tLpIDsdBO6oVD1dxfmFtI=","l2A3CybK10RJ5BCA94PikL8pV3qk6GbfMyWlUuyTI34=","2mWTfd0j/We6AYdtTE4sHldkOLNEbyliHTlSyYbSPrs=","urD3VnYukGDEfK3cgZk3Qwgoum2WUxz4WXYcFFmMGdg=","ybXMSOj5/qOhjBA3e7pJtYguz28Ri9gszAq7qnwdigo=","3O609QtMoxEluydm/cKQNmp0GszeawhcIpWdGbl5oQs=","TfMiVfooFEHD9MYfhX/gRrxACm+ouS98xg6/xD87wbc=","XE5f3gR2tm2XGYxAtUQn3vYh2KsD+Pv1CS3ppf17yWs=","bGW3effTcrDmlzSFRpSrI14dFLrcIl7275hlr4sYfVs=","N+G+eSG/HCRxBKxptUm3qIKMEXUytbVn1ENk52iYAY4=","m0yEsO3QzsTCiJiGlHXJJlSK3l2oVrU+6qhTy3UtFTk=","H2YUKVlfCzjh26MXhrsDb7K5XN1+bRb4cdTmWcXPyXc=","E/7KrefR8/ioGQbMXXalzGhV+6HZGy6G5gtQTU+N8gg=","DewMpgWKZJLmHNsldxXpCO6X/b5xhID7WbOH0kyssVw=","9LLKbTjgx7+8wDWSSbNVe9OPbGXwkJBaZXt34BYUYUc=","QgQPNT0R7p6i/e/L1g3M1AP4YE23KkmVintatcReTb0=","VwUivV+/ND8AceKmm0RoPkn/NJ8sPFiPQwthydU+CLU=","Tcsds6vFi//EVkBJeMbhWP5uSudS6HIxPL3ZM3GDw18=","FI79hi6EdznYRzKCLzakCHBSU2JSiJz2H9UPP2JZxyg=","BCARs1njJMSzIAs34hWdfrY8lRCHrknO2M9Ofp7Z8Ck=","yQVwq6FGW6JGYDE9W+imlKoi/Fm8e7Ps7Oo4mm7WwO4=","btNy7+Tbf5DASzQOzJado0HtUXkOwXw57kVsj2fUO4Q=","m+EQKhWp9wbGJzQwVy4FjXyiPyQKbZEXhsqH2bIIOmw=","NN3foor5SRYjJSFgDUN020sZ5g7nU19qVf9vrDW1h3M=","lM/KdUI2lUc60gzrMcjJ+MYuvKpjyn6dPaFpr9tKTio=","npp2qoco9QQF/5r7OlIh9RVctTiUpw/udXL4XZmP5Zw=","cDbBTPLLjk3xmHb0rqaWJDeGZJo7P3fo+15VL7AOAsI=","kJxugqw0aCyo3tG90AfpNal+jMMOAUV1cnsNxuHOagY=","xjuaQEq69V62b3RJqVLMafktCDVviOZjN5q++v4iRl4=","eI+W6ZA+bJeAn7LxmFvq4aG2axCJJeY/DC5cLBNXDxU=","gi5709PFVQX3FdAl+dzLCHyZ32If2F3uLnN7s2iO/R4=","MU8BuJ2SdivXSOj6cCU8FeVTV4CHZBsOVzu5ZRzhL3A=","S7H03ldsV+WQvINRPPE+dcyvlcuMiyFOZLDE2ESXNMs=","EQwNwRuJmvF4b26lxXLye301s4wmTFoeaFXfWUixpwE=","HhYjC8K871o+asT3gDmLU9lDJAwv7qVKfpTz12CIp7s=","vR4YsY/6m1pP/meRd2mXLfU88LWwmvb25vttVul8p8k=","dhS7IFsSpqNCrahjXc83m04YrOGbJsHVKINNFneYTt0=","jaJxvpWvQrYdJ8lmKBH68djVRnY1K7+/MPnZ/MjjqhY=","LwFyVhtuM9sqU7j1mUSmzzDdiXOFOzkjgS/P1y+cmU8=","7mfrkt5wOg37sgdaE9c22Ycyu92uKRM9Z3GX2GMYaS8=","1zG18rq9yP/gbMClGc84ktTK0mPB4EWgwcl3vnj8m/8=","d2Imey+EGAVnzdFHH+99ZPMghsw8YeaIKgM+6pCk41U=","ijiYS8e8aWeEUKaXo/27fGxZhIS2u7V82qqdaoBD3rU=","Zb6HK6wjirLafuR7VlxHznNSxiwZAPLpC57mTbmCvLo=","G+u6uZfEAna6c769JVvwbzqHQ8ymTBWNQxwS0pCiu+s=","2WjViFpl7iiwJEdVuB7Y812HM8Z3Ix0yzvroxuxmrGw=","dRMX62INOCE0fMyvsZpvVxXLzbTZiCNSGBeAtMKuBgQ=","2KUOD7gq/XTH/7OCkUeeOkZnIC4BG2sOMX4WEoFCqY8=","HIRhJe1WWWWhRUc+RjTYPvKv0fM1pqm3xai4wQJUZGI=","zMkt84X3zrP3FiZfuQ0i/iQoB1LFuf9bsE15OargCFw=","9k1duo5rLi6i8sCyb4suxkA6TkIrv/Z85OPGeeb5tvo=","7JTpeweDykrXPd4IMGqPo7hTE9WycUsGf0aY+kIW5Jg=","NgXA4bLiRf2WT0/OS2ytbJdTp89+VvbEcz7V4xwcTfc=","I2ogbQUFNAxLbWa2oVnKN3KPzoYyYSDF4K3+Og+XOVU=","LQQELFk+4NMKqThhzPA9PQ32v7gzp6Xwu0fpVV6I+WQ="],"block_size":4096,"path":"public/actionPage/react-dom.dev.js"},{"block_hashes":["uc5sLnw+BPKcSF9hI7OhnGdK9qD7Hjr6CD8j1S13+pg=","hf04uzSGyF5G7IaMvgMqvpLf0iZMXo+Tsd5kArUsBVk=","99bxzuPlo5bK8tql0u6t3ejb3aGrEWeKNDvIxrtQVCk=","VbN9YuG1XMnQLKzV6K8YzQCPs3AfDSMFRPSOEcpqS4Y=","NRnz3xNtwHvNcrk4we6IUl6i3aVv7IjfQLdIgmfPyLk=","J2lAOII7+lrrr7uplGOEpKSyLqYefqumfdOIdX0GRSo=","o3t3emeG3EsIMOLbylSw49VkWteHpLE4oyV+B/Njx1w=","id5Lb++E9go/80zdkVmO9TqoD9tBhF7ecDXWs/N6J5Q=","LDkwf4F+ffnMDrxfLKm46sRB3LKkbrwmJPP5m+nASag=","Il/oaressRx2cXIFPB7FuubD8B3d0vqCkDnN3eIFR+A=","33EHz17DwOaMk2XShtC4H+6tqhlNynCuUoY5jsJh1Fs=","GpBKllfXe9GO10+9X6uRvYzH32D/3CUJRXqYyTCWd2U=","V/25iwMiqNzl4jj6BKXK4D4/+x5uZ45ujlVHkDLtIag=","7y6qIj1GYFhi4kpQv/G2Psw6hR27gUeke1pk7Gyyat4=","WJJfgz0IRLHyDTKkbhDL1qgKW8bFCzXXZ3DAx2hxHXQ=","lsAzxUMicj5QcWNr+kqsA9FvvK0/rKsUJcENIuEpGxs=","vW00bwJRYdO8KFGPxZAZj6CwIwOQgyznymjgCOOfRSM=","g4pfhTSQeevij6D+MHUd3THdbkPKzvWac/lBsdnznFE=","PEdvtsmcjA854P+zRS29d/+G9w3JfKw/7Pq+6kxRPLw=","D/2j78dHeZDC7NSjtBHjSJwkhbC6amj5zV6oR1WtIJw=","5dySJNpi8ntncqdg/HsQGEFNpkRIWOclTGOtpAI56Qg=","jezBN4TsVlYUn2t5wPyfHFZ2OojtKk2hAPcg0XRno4o=","XtY2qfDjlxERpIB9zZz4kuNdZMOzU6jOkqqlypRASWE=","HqrD3Pc3+vI1tmMjOY0Q35EZksCuU1UvsQcJI7PUIoc=","e7woue4Lsbn4jKtAT4Z1pG/ikJSqlfmcx+cXAk9GoQ4=","XqF47JgEoUy4sru6uoBUBGUCN7Lo3KnAVFC81Sg4jn4=","MhnqWhAX2cMD9RmCfL/Ao4qz8XxApSN+zpmeS71fdiw=","7xXumJ3WhmjsC1OqgVV3i4qbYGVoZe9zys/1ZyEvbYM=","rIe0ZYdRK7hhYIsioTae1quOZFz3hYaTBO2P5JwXnz8="],"block_size":4096,"path":"public/actionPage/react-dom.min.js"},{"block_hashes":["b0ECac1lXBnRJ7dAo6Ih82wrb1MBf+uC9apzOWJp9vk=","S426GKFabagHzOpBWp64DGWnHo7F2PU2kZirflLjRZw=","htWBuMJCcUHcl2Ieg51i8oW5/aYbi7lhTgfUl82Wq+Y=","+p8q2tWtjpjBIf/BLIMgjPv2RW4017URUCdmDBS2qJY=","cKVSCdH24u4JkGG0QrmWfZFLm0nsnBlpzvn+XUT1Guw="],"block_size":4096,"path":"public/actionPage/react-infinite.min.js"},{"block_hashes":["+xGeFf9wS9e4nWjjkWsMVj6k9+dP5bZKWhuoCu6Pqp0=","8GZ1daBgTKCJ5b32+vxf4158QfA1rpy2+Blj/UNyDO0=","j6uUzb0aaRXInG7yPrb5GfMLdzRNv1cmTZ+9ovyx0g0=","ny17oJKFddtFRSSL7yfado8Ysuba/BrGG5LK9J10Rtw=","trVi3/ON1091SCm18TmjrAp+E0o+7njsJIbZEqVSuVM=","vcgf4exkqLLseKo1qxOoTqgGhKu+MjguWpn1oaq1qjs=","1vktTIBfbJcQQ/bTWoKvRZXmT5ugmNPXRdtllBw0L/Q=","ZIRdygCxPzsPX89+6Wb3W9yhe8JT0qifqVLNbVZHFBM=","cVTPBTVkDqMIIp4SxkDVA7cKho8e9NqqnODmvKT1oFA=","jjtTiyDI8F7eVuvma1BMMAyfHxEmivao5k+WZs6C5ZY=","12QxPKKxzqTkEdkq4D6hYh6EVI0ntbHrifAJ1MagAWo=","T2QuJrfAEfjJo+WKbnyYDadcx/N8cfk7T2u1zQPQccA=","lIEEZX+cz1sna9GgcJNArDALLu7XnFZ2ncGN+veyg+U=","9v4TktnPpQSbI8HruwRm8qG6IMeQwSoI+PqIL+GmM3I=","XOU4ILgNiWFSjE4M8yEHeF8M9rj7BnzLhApIM7/S4M4=","g5S9ghyevvG0GoGDxSPZf2ZerlGWdaUlGd7bdlg8koY=","DSaR+lbo1bBJvTM4W7vIRvLthKU6FDAAvqhxBEyVfQQ=","dSbQjq+RqVsu0lprp8amzawW4JVSzUWxiZdsVey49b0=","2xmZ+P1F0D7X+biPIC3KOOEzlgBIl20OyxkDies0Bk0=","4nS7Zwa8KYdptL5woDtM0l26CLhx566crwiYVlJZmvI=","swuN+Q3LS9btz3kqpPYicMQpIO+WoDdfKQRm4dafLBQ=","7cOQufJjK5T6gaMt9WTchEr+Shquy4nMrsATR2jH50U=","ome6TH9G60GSH+cbXBQjOn/abAuoeDiPOxaTkMtPSsI=","TqNJaCZLgzOsxOQ705EUrnrHlbwHOoaEPwse0OchyXk=","FK3twXCnTHNMCBlBoPSQdxu9wovdcMbkgi7Qu3H2n1A=","wLnh4VhPRvLt10qQIrSbav0jtkFeAwzGVlzNkZp1WNc="],"block_size":4096,"path":"public/actionPage/react.dev.js"},{"block_hashes":["pW+ljp4o5VsLcIVlMzVBbgyVNnl1xjjw8Br7C6kKbo4=","+KlTxt0fcSIJG7hlN7iMXlN8gMqdJZdihUthokcoIO4=","cOgZPiznCVp+VfFlq1AcdjrYVO+9gsBF3taSoYIPv+U=","PnbiW1t/d89lPu7BamSQ3lHYzO26aqTmYz3Toa002xk="],"block_size":4096,"path":"public/actionPage/react.min.js"},{"block_hashes":["bwvrRFB7wV8exqnmG0y8Ny6uaogS1l93zMpK6whqKkc=","+qVPzHD1lkOfAec6yMZ/erwDrIeqrLAOojFzxVNPD8g=","10uesZfyC3S5UywuvqJwK4DXxjHsOovtltFNw4dsbCQ=","NX40N93KnNmPV/4n4t9LazFTKjIW/SyeLvSKLCE/Zxg=","s+uUGmvqwfSBvUr6GCv3SSPhMgCXn+pa21pE2a8RpM0=","Ofl7n5S7qDY4NDNh7zHcDpET+SoiR3KYMhIs0zssHNU=","vlIfCsTVFk6JfpApzy5YTIFWVLvIWqAw9HdVtJOdkXI=","2770i8QAb19b2EkmE9p0OMcxx+PpPvDvOTqST2qSIX8=","hBRPh7ZpUFXNRUqtVdX41C66iTs3X9ljP9kc9bKa61I=","DiG1fMlaCo7dKWVHP7vG5yo69M/Q+aDA7FFDL4vzzg8=","rmA+nldQY/OnuSNCtw6ZFsqe9L67W4hgJZJZXmn4NQ4=","WEhjq3LP4Y0MnF0IBaIUtKhG+gbWg4ZV+ijBrMaKNBo=","msc8KRIIKT5w1EZwDKQiX0iY2gWZirh7FJy9QBml+TA=","tS9sSTnbv1z8yUEnXwhXBGWDENrzQX/8ehOyexQbsuI=","tNSvFgPkCXeLBXIsdJcXCDi2TsDrqtQt5n6w9UNudUU="],"block_size":4096,"path":"public/actionPage/ReactRouter.min.js"},{"block_hashes":["gUAxBOz7afjMU9KQ49df28IgVqz8+eIgWnVyqB1hOQQ=","v39zL4nHVAINsGBxnnyZTohMCRC5+n/OTyK6jleP7m8=","XQOVGc98BbUoqh60dd8gmLvXDqib2qGgu23XOyy34eE=","32rpGV5BD3wQ/jT6KN2pvUR4s5JuzoOw2A8Uini/vfI=","fJ6ksYhVfBg9Ycb3PByhLPN0FB0058u2lsrPzJuVaCU=","lMq7jVfwDKuQ/zidJ95wVWy73nQqPgzSAdK4+sI1Vdk=","qLJlnPTR9aaLvJrzg4rLQRcjEK1+zJSf+5WgT7URx1c=","Phc7aduch3EE2LbF7Qyf9EvdrVJAJL1qwn20m4raXEE=","fnp8sVQoauHTTee1yj/0vOP1a4+mNtnt7/TrRVin77g=","c2FcUZmGttUhovd0NOzh4y15NPUT+MWDMbW8kaEdr14=","fGojcQJcQyG4CWfQ3ecYLAMPfJbx4cSfDcF6Ow2hew0=","0Cb4HA43Nws8OZyDa+RTzE3p37Jh1ATXcN+FGQMTd4c=","Wr2DX/OUkW5oBXxIP1jKfxZ4wQAkdHilI0iz/uob+mI=","QCHXbEK79JWKRDNoylihmVBWrNIBtxXcKHp5gLnpb/Y=","yiJrj/4dTXKwLWrbB2b7e42EJG53Rlr58EmiN+qc57w=","Um+1iYIdRcJLYdi6BTYp5S3H+Lf50jEZ28pFR5+jhxo=","M/Ln00tpx7kaUsidPEHuyv8ZZGnFJza9uz+UKznVTYA=","RexwleYWYV3rIDwUD10w2jqEaYGUnLfh2PAFstTgdJA=","ljCezDbpXTOpEirpBt1h/GIhWIUBtLkviy0LqeqPMns=","Ep1dyUzO4/7M5DLg/6Y6QHJ2KG/ZU9liOCPAB3HQslg=","5knwkCM0y41LeC2OgqYQ1xPO/ibTv46WcyJOZ8OtYMw=","aBVL3v6XA+ZulBOPIuXRfEAIfZzZD3kWz3Vo3hJIWnU=","2lqX+xVnIC9IBwY480Mj94Nv9ZyMJ1vGFTgWpFusImo=","/9q8PhC7zu/UkYiuWnl3YK5YIlrhZBqNwsiLhW2WbVs=","kePldsU1OY1JAaMeOeI0DUvPSePNKDsBka5rrItxAss=","BBszzr6eLkTaC2r8aqc51OR5bMUO9/i2DHxZJ3zaV30=","0eqh3vqdBl1S8Rtam9bmD4fmjVd75RLU7FUQAQ6WhNc=","E851E1ryNJUWENVo4lnQBiklkD35U1LSKpHlDcCvsEU=","ptk/o5AM8rKrCx2yiHWXFURSPDP7fkaJsAtUJ7gzT3U=","BHnU2BcA9f847Lrl7e9ze4ivp38//dWl85i+nNyYjoE=","k+NpMZaVWn1LqN/YjrrAdfgwtsc50IltLI7HutMuwhE=","KAGr37xplaOnI2WWxo/cm0DLFUplGyH2yGP+1BEti5U=","Xs2JwYNdgEc4L2n/EKbvkbP5pVM1N4YjFCmJfadO9WI=","3IPzunsukaAOdiFObjK6NrI4YAupIWwQJnUikfXZXP8=","m8uBA+iMNQjAMH37rudGd4NyoaopaBSGc8ZoooLlHCg=","mBRk6jHAt5C6Bw2x46TkKzS1FukDUNLv0hsZ4hNwbgo=","mwlYna3FrjV0zKrgWAGX6/yHesvBZVlE7SpxZ9jwazQ=","4MGwONqlfsIcxflIB0HvSRrm5gfHWKA1JMowx6IyjoU=","91IBHxeRxZnXM4vJP38QgyqLCOjLpHjSV0jVAdQZt+o=","OD7d1PeyCcwkOguzuJsrNrTSyYIB9L39cSbjYRB08js=","OYiqnPcLSbcXCizINPtU0GqV+LzuANqCHDxU0BhLUE0=","IL8P7evfmGlFGOJBPaq1PKlDEveoMdp+FPhHQ0lKE68=","HJQ32AKCvsjgdMIu1qWCjLzeKxiKXjYunbMoJOtX+nc=","VCNr9efFpNRfejkyaAnhaMec7Yh76XPr/HIgZaN1fAo=","5VnqQAwqg55k49uBG4s9SJEFc0t21yc5+dJgVlQIiCM=","Hz3pl4niFBZEW8eWO/lSf1aN8dQ7XLmdjKpvzQWw/Uo=","VwdKqhB45ctdEuqKKaDvhs8nK83XKhdzHOPhR0tQPuk=","TfeY3b7wds7bLfXyXnQV3FH6SgIQehtxc9VSYTQD42g=","UOn6b5j9ZzTOvsStdbBdntlaGODo3KZ7TNaDA/gE/aQ=","r6yEyx/Uujjgf9Qcwr7myUYo2rx3DmTIdx2CCifDr0I=","ZrB/A1SoBOE4ynC+ckLngXqm/RTGeoCRJ5jJ1SO1UD0=","/n8HIwo2yvetUN6lQpHOOZOx07kemkdvXpVxoImKyEY=","0vRcRuPkNP++9P4sCLTK3ZW/z1T9Y8JEqInX0AXzpy4=","RslFOVYmkl1oIhxLcWVBsgAzRZXOVFysJJsvGTNaFGg=","am+SNz1pXPZe/7HgnLCIUDeh+kLNP8LW3JlEjdFel/s=","tuDPWINB2M6qV3izh3E6ZYyS7c+slbcE30yw2M7AxFs=","WLABFzju2y6foSsVZT2Bt6/qKfrL57bS1J0YhldCHD8=","ZtyWjcaoyEIh6v9nyo0t4AJf9m0ox+Obt56WBcmjQxo=","SrPDQTJqvvSvnQg3wqwnqBZcEMx3P2fOY5HcrQNaywc=","2c0Bphq3FVMm1Jvi8acQP+eE2giw7oC4LqupJKedN/w=","NfPJqZlvZhby3cHWS28ZxBW0Qva4DWu/+d+cQYoq5fs=","tPJoj5zNaWW+yEbddwlkDegVtmhUsqnP0CL28ft8SfA=","lZjfZWD1RNRzjVzs6CYfHydcllFHkJUIonztirtvA/4=","1bRF4mH+AVsWluI1wUW4+CJ4xZ9bQpIlvT2FUD7Vj5w=","9wUy0LyGqbN5GSZQnFtAlHRxJkFheLIVGDmcF6tC5bE=","x3Zixi1H0AR0e3B4/zsU6xLFvEtcwcgYYA7w0lnu2vg=","NOoBkDuFygzVFpJDtze4EnpUUL8DUsiVSgLTJWwF5OQ=","0DthZndN3bkxcrDi+M7XaX9+nB92jl3z1eUrTMz/IH0=","Oe+yKvvp2CfAurXurqCfATx0ptBgqfBqMNq4znK5hZ8=","oQTPHWatq7BHu5dBMMCMFl9HkQz3QcfprFof991uNLo=","7wDLXLjWK8Mq8Z1jTx3a5v5ZHjNPc6KvsvHBunyP1V4=","eRIRwH1pLrP9tVWUT7/Sr0fVWMlfnoG/RxkSwzy3cGY=","uD/8vmiNXWymjbMUTxUa3kRty5zY5mDXyAg/NZ1SC4Q=","U/YkgAFcwUEugVqGLF5zhMP+A72xp47a6i5Trs7mrRE=","QwCekZsv6Ev4pr2ByVzHkdjM1qYXhioswx+HZ+b0iek=","Z5zzLKoEyO63ku9vYuc9fEFt90C1R6Xjqba2My+FaK0=","ERHJ0lKe3HZCn1+IQ2mzL0i9/H3SASNAxRH4r1e4eP0=","Qbw7/St3L0DZUX2t7sbCracgaHStbqtaz2mLwHYhUh4=","wzf4zsdEvdHtjzDklXreQgfSlxHbGQjMCjNrjvaygcs=","SnNC5b6VNHr+1eWracbj6yLgqr/NTDKB5pVLXQyz2kY=","Juqt05FvL19/vnq614XVQwgUkgtYjjOs5ZOYaSqPgl8=","Ci9arutREz4DcwSVX4avAmWVakQve/Dz/5LeCxAv3Nc=","GQZ8xNZW7h+E+5vks2YExjaSSWb9c54ElLattgZ53YE=","EX5Z7uqv18m9VZ8c/JuAeXq0i/0T+xGgNK4R26hrPpA=","RwV5sAaN8wMeBN8fe32yrvBMW54tes2B3FAQvvFKzCg=","/MIcGtHcuyvWZfD4XvkVvc3neTjkBhFL05r6n2/PGzI=","BWh9XwwwLj0IXS8YC3njQICNxJ4rPhT2PKH8SR0d2VM=","goIQnSzD4Rqe4uRXxcZMK/paPufon5J8yGur512KTIM=","hv/nhUKfE44IDvfYEVdI5GWc2PEod5MoxtIUYk8JV9c=","2/QQehaMLsQh7B0psMS/TV/ewVGoOjxC2MK1VpiHvoY=","j2wREfAJsZpaDxT4XtREc2VPsa/NBUWrdP01474mZz8=","5McLZV3Ez7eRfPXlYcjV3bTrJC8eFftVVabiqueYz1c=","iteL5cCvOri71dEwRHeklQyw2Jlb95ItN6wWUi/T9CU=","wJtH5Chy2zSp9jazxmNK4cAE1Y+BB/Fbn8JkaIscoe0=","kRJjCXILIpPLkrt9XxGuXUWBweP8Nr5FynMJ0NQi50c=","NcN9AHQWDgPeFK2xZpoXJHN8tSrXsEgEHWCe0A1ZyR0=","gxA8TMagz5IgmL5rT96/b4Sv+rGJfblRC8QbX8Z6pdg="],"block_size":4096,"path":"public/actionPage/semantic-ui-react/0.82.5/semantic-ui-react.min.js"},{"block_hashes":["l2k7R0R5BQRwDrKfTNbCjZLVZfIr01pRPgqezWi32bs=","FPTZVXv7EgZVnyVtMfgHJt67t+01sxOYAMHwmDjgHnI=","NLbTamo+yF14P0bjVVQ6bwkYj+Up3rAQ0V1g9+IVi9s=","v8zRnFpe2Y2Hc4zdr1E0cB7LmEedMzM5Z/gSU99Q79Q=","726oZFK9n+u8MjBv12eKc3lUGBsgpSzjC0ndskoXg7E=","w16AhoTCRzwdujYroeLgFcz/Hil29KlFddZGfEPCjFY=","AIYYpqyuDaC/HZjpBFssoPn04fOfOiWUaGDgZt30kPs=","ZgcBUzivqvfLZ8Q4YbIA1LpbQXcrYDQTrQ0IMIs2Bpc=","GiBbwxqdlyV1TK74XBEPBaFR3EfL5EP6/Fws3BJyIuQ=","g6PH7KCejS9pXYnY0vQ5X+gYrSdkUu3U6fSZrz/z+Iw=","8AdkFgLwsqgDEB6sqiiuwlGSzuYK9xaKVKxcyIyKBYY=","LMp4agUaHQUw/sEClx+zXVNFFjM7qN9F72kbO8r0pzI=","Kasa6G1RKwgvgyB5XXApuhywVLY0yZOG+SzaC8t2qgs=","5YOMVuyUl73hwjorUvXgWe9pCtxkmfv6VNFAPO9o+PI=","JtZzQYSai97MISvgiWPDmc8IT/dEYcPMDmg1hzZ6Tqw=","dcMn5AxlE3suHLm01aJjI1UOY+TMwjkss2eJ+BExqRk=","nqJwUobzSInmgoQSLx11fi4TrS6F0j4LkNg6sJ7udLo=","ogJ6faFEuun6SdMELr7+j7WjDURIKcbTXfbhTL5DkaE=","NMFoz1HsA9ivpIikDzuILkFWAyAvguYmRFeCZRhpDWU=","tyMrMK/OMdbE0Yo+ra2sbDTwQF1OHlXFdqVWLpcVuo4=","BeLZ/q6MAam4FUl5p+A0gL8SHO4mbO9X+PpIkQ4DDS8=","ILNHKOXcf5hZ7+p1Q96jV5aSg3FgJ1zujwgSs0Aw1vg=","KyMphRZZPTD9cN1cyS/pjdkgWif8WRLxbYCm5qAVVfk=","g81TH/kDbcnxTH2uPnclqezzJk3L6gUqKZ0uxFEhPcE=","TqIYdxZyQvxqPEBvgLhdeNiAQoek+59ikZRJCB+rZN8=","GXG3qjDKNh5eKE6DtRgIKqYd6vft076J0WOokY2CKwk=","zpqLGC5qidwmGhH2bEpUEHp/VTbE0VxLOXw3JNBV+s0=","TBv24EjqodwuZ+np9WHdg85HPt1D5KTairQYqAFL1EI=","K42i1wHJ3mr6xow8y8H35eI+YC8AM0kyEYILoNMv+Us=","b0TYMxqzti4KYitFYRfCDGPl1+qSaWx/cMV3QDXKx9s=","t9v4PC/Gh5jr15X+kfqx66vtsCDsPgUOF1X359heUxc=","3yy4JmBR221Ygm/4MJKPhLQR30IfSqSRbOtEjdnYrsM=","TPC9jnRMSFgXZf8DahI3rCqVAqVY3eH51gWzfastV4E=","h2fFE6AAdJzJhtMbFrVavQGKk4zHgOcHQFKfxiyh7DM=","TlchfBQA0q5JUePZLrDEjEUEtXM2Rr40NIqsg6DJABU=","+uU8pbpzixtq2tMTZ4AlZRnNg8SMqwguZagA4R3xtRE=","/a/NfpbiCVivSwmgKp26fdL1Eo94skXX8PlkLtij5JM=","Y30hrZKDmiip0JnGnwUhyo8xmpZHKb58UNzWb2ER1NM=","YCXqdA4HPpmtFAGTjcDuwxYw7FWoCZwpOhaJIv47aJo=","qzsI6MRw6oGbju4DqT7SeAuXdjQCGVqQ7qOA2Wb7yvc=","xf9y/g2MGmUwWEWG+y38eGHKtDaY8ygzxFCJfzKGcHk=","dHATA8S7TzmcbKSc3lM1lPTcF2WI0ifCNMQtRZOv/00=","vggJrhIb7bgIzeVbIXn+td44LrmDsCTVIM7jo8HspOc=","qB95OuWWnvX+HQdHPEnAEqlnVyiFRFO8g6YbxGoyiC8=","eJrtTNwgn+u2HnMTx8q8ezNyTkVF+YDwRv+6HmjIPRQ=","FGjZ5nCvS2UzLkOPFNZ19jGJdDYqdKM1qHTgTV/mdX8=","74tOkFK7HoNI7gozufc5uGWJAJ0T5sGmFs6oTwTSwpM=","YSlBH+3+MPgkmEj2+wohdz+L+e3lBT6RohZiBLbBo34=","OxJ8/Uq5QMH14EU1C/ETEqw647VPddWhVTzAEw//Zus=","EB7xsPnWceyG+G68uC9CqjnplzVyCZh5SLUd2S2N2O4=","sDOqjx0EShqUC1Z9AkQlvCo1rPq0+1ccZelrYOJY4Ds=","5SzpgoHgDQHFlqnOYDl53apGQ3/pFXmuEstDoZ4tzTQ=","8OfdjPaE0HeRcbgTQtI5la5P6D/UbYeiNCBXniei0Zs=","9EET9jAn7isBY0MbEdVQ9C60GoG4JrEPZlYJekCt6Sw=","7zb5J3RFq352seCSdBLIEDyD7PJ+PmOPeh88w1XqMPo=","donyzOX5ikIlvbEOM/Rk2dOpY6S//7DFwJWmDuigIaM=","WjKetWKa+T0vCJaK9dtjZcg9F+YYpcnj+g3OQnWX1m8=","0jOT1AQQ+x5JSMuPRxl4/K8sYTqHNLTb1qpzZPDHF2A=","mnZsEVRcRv5PVuV3IyydyQqMZwJyrQ8/7/ANagX6kdo=","j8Z/clwppLNVA6RQLvlsj02o1V2O07YNVVa7yZ/VBmQ=","VQxQ0rd8khgSObjgbQNWlM+7pw7ake3gHRirwqVfSHI=","nYzAyt2lnCnslukIEEw4lDhcTkoOjNs7CJInpUq13tU=","ALcw1IvuZcDne5oAc1qQkWBoc7ucrV9fveH7VKeNOOA=","cpHL3z8f0FfAnVRdteD0oK4ocET6aSqhBrV33icIDJQ=","vQsjyW0obaxYaJZ04MIZtT5A+ey3iY95ZlGViyhkVtU=","tCIp+yvsvefsGnEYcRXeXfPpr71Jv+Je7YbpmS00FCU=","DcNbOlugkaHWmqmQAiMyngyJoqlj3IuFN9FgNSfmSvw=","dmErfyvNcldA3b3MfodW01x4cq551wiAWHQeXfHZ39M=","Bu9kBr6PFZ933YIrtEOo38zZl0Sh599i1TSi7BsyfVw=","gM+LlCqxl0qaXzbZ76D8miq6GHJF+jWLvHFcvNFXbO4=","2c+WM8BdzH3hypZ+N11/bjS9mtL7ywMv+ahLqVEwNWo=","vKQVhlQu522jDmb/I7g+dzvA343GaLEUz0Cw7Ctbuco=","bw8SlOfxP+V1He4llBU9L61yZgMZ4o7LJpWLHb4lGyc=","/WXgUkF6JsuE8ET5EOk5a/bL4WdGVYhUqa7Hx++1xoI=","11w7DBI7pY8YCyVtsU/30sEK7sXlplGntKtWHN6EW+M=","fceYx2xvHZWRBtAKYcES555uDBbZh1OYd6Gr880fL7k=","pLjqKf8+fBq++0myBp5+zmuQfwkoLGMjN7effPfS9Gg=","X06ypVnXtCTbGzfRrMk4QaIuMKI+xDjQmfY9wL6Cokk="],"block_size":4096,"path":"public/actionPage/semantic-ui-react/0.88.2/semantic-ui-react.min.js"},{"block_hashes":["NCi4hpbcimSPbsKTcoLQw/SFWGxh1pZ3AxEP67VD1b0=","5Duy0WkTVb5mc9cGPYhZxEpLqmFv8otVwVRqOrOYm9M=","Q8ks2wLVhjXG5UfsOKa7rXutL0hXB9ShPU3k3cpmWJY=","5qUS/HrH9HPVeRlItuJc1PgOiLlSD7jDnZuOfGNYLVg=","lJ9BtEMZN61069R95x9sWIhCv1A/DQhbD/gUdAszZ78=","kZyo53uC1BnkQcCnihHA3sVlUscuwfXSWOrYjbtAMBk=","2KHDSUIpGctnE4REPlcb3lxa/v3598J2Zzi+ZT/rWrU=","T4kLepMsTpVwP07Sv03qAleDs+T8A4eqmWlVbxZOlow=","Q36vOpE8VAW+fOU7HqIwSz5OLV0s6JFOy28xMC7BQM8=","S89wHgThw/LM56N/0/duYwQv9qYpmP69UkuJP7zk5e0=","0P8PXqhw16UN4eF0uv7y7S0S+M6JlJFojG0uSXxVhLs=","xDYxkpyU+WgYeQXrTfxo6+fU+QnfzMYDwFdvk7JB40Y=","hJ8PMMyCueAvev6VJPIdg9ChdbiAAQlSzUBUapvB6EI=","to/rKnSUfdf6ffdLr5yRieAwm1nfgg6yYRm1iuVGFvE=","KTj5f0zcta6lJlf36xauFMjLs6qWlMPHj1oxYo27eY8=","IxpEf0X2i6hX4251ofnE6JJovUf0W3cEesMi9bvrU9E=","fptwaO5NlZvn1eTqzRTX+Jk0A32iKYxwpajj0mYoLLo=","aTDeQzR7L38ulN3o3XBK5f1hdEbDGvE9eBjm2f4B7Ks=","ke7BkKSA11XnjPNyZiv+Zv4UfkJ1SIVXJ/KBEY0JQbI=","zFfz1t/L8E8qWfmEx6a1vWd+YVqQpVjTAeTophMdIJk=","vpJn1q7wGZViADRV2n5kHQkdcjgADOBH7mdZrTNhcLQ=","u++Ml43E2pTuT8GS5I3WNYCM9ahnh1y1s5KAOHTCE7w=","0Ejo6oBptQg2Rz9RpntQxsqGrYq1fvfOObFp1HMSv3Y=","47eHjbQsu8IBtXUqYKsRi3pFacyS/ddwpe9n6Y+37+Q=","LnDJ4OdGi/exE5kZIOXDJHfgs5xaNMSZmqyShcjNF08=","95sJBzyOER4YqfjPUVrkTCRhTSyW3Ud1GJQR54BmjWo=","zRiV6AV3yzzOdoRSnyMpYP9+49DgeoVD17EPuTaDmVM=","CMPnFcedHW8ePaIqroLHDfeetl0dLAJ6PbUL3+rcsH8=","qPkD9c55l0tcmvTyc3u1Xe6SOebYz/Pcqapz5X7aT2Y=","kwY2hd+MwFshvbPjELSWTGFb03XQo6GvIIsJmT/mrXo=","hxZIE3rW6fLQ81gfKRfo0FNIg0IqXX+tPnL7SjZBzdo=","a2PmM2Sxc75hEBzcJxPnTtWjmSQpKsPciSOxZLAkBV8=","uzVFuCNfH+abzQJJ7zEXsj3MNjCsXZuvE5YDz3nkamY=","LYh1vt33O4TZj6FqcSHlRQC0EGXjiUYB2rxZKYGeMtY=","cEcgawgvonxQWCu8N2Ii7GHpXp0Rbb8gwD7Nx1lMnto=","XErWGulr5wXfptyGMvQ0/3Aghbks3GUEyicgFLACZX8=","9ADrYTXUZvu1+0dvJ7i04A09L/nKQVmdC1Ldl3pnY/U=","nx7omOLrLJhj/tc3OFIxAtrAG7+5WZbTQcZHF2SKLhw=","hJOmgODRm25izQ1bFeaOQKW9V4Aq1vOFPyL2S9hgi9s=","9qPxJHV92MOtcaFzq2crIxuSXO6u1oyuDkkkSYI3mg4=","QmToCo1P9hmdei2loNVomN65vGTTJfkBrZVm0i6Ncss=","WoVyDICCWjZoO7VLuv+D0XHWz+iRgLKQ1WYrTaX1vRQ=","01cGBUGp3PwxuDJqXsRZtULB8VogHx2P13mWQl+r0QM=","gPkeowYPXRpNEeixUuuW9gIzKCzShYDHPf3cYO+Yrm0=","QzOkgSVSIavGGkAAcYpjcB0KBI1euYHxYIyc3xMH/kY=","9lwa5ZpY4ccjdVTSWB8kJAozSZiBR2OEyvzRpXScK5A=","lfzBnhvUQYnNWfePoDoWbYY+veAaAzC0md26T/at1ic=","k01sZPrRSGoKpfTcbAmL9Fn0JnWkHI4+G5KEF2B2Pec=","tRMmRVoIL/s5JA7k6SepATNgGOnum1FooSYjbAE1zNs=","k+CSDupNjT7eXvyk8Gey+G2RdgEGn6JAzGmsPIboWU8=","0JV6sdLJT+nempGmW3xEqrEK5vjEAzIc5Elgdl5H/go=","B5OmiHflF45V0M1f0cL+JsipgMqzhGNH9S7hSCYvioI=","abSUzUw72YN8ZhuUQ74CiCgPEADUASLxR/pxkftoYzA=","WKbTlcgx+ea9JyPUWHCqdIlcRRn8/eI+JPttNFRQwMs=","C7pzWwhz6xSXMZebwaMaQooRzod4haMMFO0L6qk8GJ0=","oC5lSkcDBFwfX82hDAOTE1rTk8KNgXzndVV+BsszYP8=","HCtNo10DJEw7fBda0k4PcCIGvCLd723oH1CvQkf7Tjw=","1ziJHpG2ONexeaEvVWNjuwx58VBHS/hBPJkO3TlwmAA=","Z+ELyF5zj4d9SCjCebQ/nB1xkvD9SEi08nrr8+czKyo=","2x+qWWE9JSnlJ0LSaXCCdXOsCQe5Uw+fm2RYMtwvnE8=","Y5udOkhGqUQPzKj8Q4yA1j2UJt6AM2o84j+CVNvrGLw=","7FrAwLGksS5SozTuKOBwZIZYAoV3EpuQ+bCGg4k2yME=","wdgcwiYvy1uNuFI+Co/tVl6ZHgBhwRuRB+0uJEtdUsI=","aITijO2jLeFqfycjbCJ0UCMmKrZkEc7uxZRYG/Vimr0=","DWua4/3xhDByHLR4Cz6Rxdzj5y0oGoGuySdmk29d2Zw=","cotel8CvzuDaNyyhWYDuwojkkMxNKO5X4u9kPiRC4HY=","KRZiO8ppDOYBYzvmto/wVnui/2lmdbvAfhJlsCETssA=","o3lXZmZpRuPjpfy1XmRz5cqNdmB8ezhfppPN7U3uwcg=","8hfluQb3p8cnZGybB4Evxe0lwBdyq1O0o8MnlF12P8w=","KrIOC1HBHsS5pSM1ZReubNYOgHwWRlFr4FN+97DwR6o=","tR0TH0yKivKAypD4/NNkmp4r/8yjFQzARm1rlXB/ApE=","CbJZ4krXoresHmds6RoFIdpOWHK5uM/suytooG+oWBk=","pVcvl16UKYBM5q4+gVKPWeCVmL6kncTYvEF6dtMsKAk=","l0Z3Y75BgA1FTfeQYFwUFyb7S4enQy6dW64J2cOlXxg=","jDMfMlryR/NjXZ7pzrQbX/3Wa1KdNuqRhLAHy+51bQg=","YHdNzjFrD4DmwIYblKEOgIP3crl7dHvUINB8i6hl+gk=","pJnY+Wcc8q+UlpMx+lmh4imQ7hUsfkdTV9m3iSpSx8k=","Xc6ColTSxELYuqH8rAZOByy7XEJm16Y+prIwgPlQkPg=","bVyg6B4/xLLsXMuEda2wgxejT9zkQa5kFUU3Sf9rm1U=","0lX9Isi9Bb6XH1tf2ruY6qEDiFzQfdgnXIo0BiGaw0Q=","S8rNVS2rH7Eekg4AqcssNeP/dGc7rhYrH7Lp7lpPqx4=","qmjQjRVWkOoSoDdZHEki2/3MgsKvbwzHnaw5+Jkg63E=","q6Vr5nYwQMSdMuGaUjOotdCha8fMnv3SYkG1wq7TiXQ=","3Q4Ws2KlLbe2CiRewpRH/B69p++9/F23dQ/xFdUUcDk=","wcy9+pAgYRzCBEYOTRyF8cRPVYTd83ENmrXJ9lnzwOQ=","e/he2gJiGWvEbntfTkilBGVEjO15u1ximH0CVvPUmuk=","gIpcDg/Nx32bVpvkmIB637BYwZFTOI7mVDSqWbAqXJ8=","FjHcyf/CPJ/4EaVwRILD7U3i+fb7PkVpKYMDsmMmcBw=","i824DdHX+Oyy5gJCkoqm8YowxSBmRTcGzNq6CdrdpO0=","tmC+oHDJRVi3o9L0Dpxmk0o+HlQR37pevJGLyUip51I=","7n5xEFe5DVOW/osg6Zb+R/6tNfz6j2aj1Z9Q2M63rC8=","wzXVRlhVZBj57OBx7JTgMKweS35CtvnhyAKIc/UVVKY=","VcUybBuli/9vJ6kLJtAFawUpvJII70zhu3YaMnAPb1g=","8U4rV4MpHz+ZTUhM5r4XltFziIa9hDEE+c2SYwksMCM=","unFMB6CXAVgDg+7+URdveiu7mnfmjIjed9vPm5jFyfo=","auW3Tu48djMKDALYHwume03aIw79xMAaOcZ4VF+snmY=","y2IJvoKavCcfX5b+T869vuS6E9wsxSe/SUnRHOxiAG4=","Z1PsbbBO4Rsr/uYL5fQ4hOL1GxQU/0nilbDbS7qWGiI=","A3V3sSBCtairRsva73A1PgG5qGNFWlokZ9yzPV2AZxA=","CQlYs2cDbEEm5qMrG7A4b8T0BotQMplphdPMzf1mp0c=","pBXRiagNYddhLzIwoqi1ZtItq1XZgyXbzIK0w468o9s=","3kVAa2c3VsP/xYQYE2dlQARBvCuESSHKMc6w9sXeO9o=","TVgeHhvnbprE4O8l5Aa0zREvZEjdEYv+KGUD8QHerfE=","IMRjjabo/O9KqjyIUcBwftoOCmaNx3m0tv8FS1pBLa0=","Pm55zJbmv5QfN7B6wzRohBbKmMtGwFEZrjFW66M8MYM=","5Y/bYrAAw0pBnjg10itAMzPe6YxwhkWDASEkxPskd1E=","TA04EUFqfdIqpf9J5dQ1UCfwpXhY1N7V+okZ+AXtFAg=","PHjz1qcvKXSS0mGMMJnpr5Btx6xyZ41gXO/VN9qOwao=","dZK0XmPna//2XlvIWw2jwMHqnbpTTggoxO+swFtKya8=","nEzudGogPghn2xrR9onAADBgVe/MSfoHy2xx3PHvEO8=","jYymjyJcTdEirpe8fkGw9CdKoMZFXzlqh47krwVQUeM=","5VdL/eYN8o/phon/Eweto9QHraYRx3sa0B6Ap5mgPVo=","Twbjl4kW8PhHiymSwyxXMcJmO0xQm4v9/VNMt6kri6Y=","9o6O9k0Rb2ub4W+vVrO7NplB6JUmEunU5amycgXbjbg=","ZjXbxpyhTXwS21jKcExX2yDl8eR5mGAVIGIcpVt/FZM=","HH1woxwEodkjbqx3RGSG1V9usSdCZuS20E6cT/7T4dc=","RcNqpZT5bGAaNBkbznsMHTo4jXNT2ommwGUQ/l6lfjo=","OHBsikZ6tXxIfmFRWPG6DkrknP6cfGGK+SBEYsI/f8c=","d1I/QtYuaIHgA1QR3rU/pxPdQaRjGqcZL+gmcU6YIbM=","xF5OsBfaUVWHiasWjotA9pXAQS3d7Jdd0b+33jccZoU=","j/J00M3bqw+dlP4lQGsQUQ7SHiuYcI/eubKy19kzjZU=","Jct/18RfewznZ5Dzmwgj69NWS0yy+ZifZH1YT0Eu2fg=","TIp5yzXoWoCbg191do9STs6hdZsF2/j54hOKJe1kLTE=","WxFaWZ19NdQ+v6KSCoW15s9d4YQng9YHmLJuEUWx4+Q=","szd+Xqdq7K6Bk71USJ/kp/5zLoUu8TaqK6TlNd0bAxk=","M5xEViUmH4Hz9+5WbRiYzyv3jvjGonDwUF+Z1hv4DtA=","molfjt0SeyuBH6aS0Ww7z/5oiaR0qycjMDVPZJGIrYM=","l/aP9vzcdveZG3yEgipVbPE5AZn9XzJoHvZlUFrFd64=","SFWsn5H0jFSeSAK/NJ94CIUPjzJ6W39ueAE8RMfSEbc=","54nC9bjmO18iWz0ln2gxiGrpOspLfWo75DvG7AzimnI=","3WNL+8mCv+/bAqQj1mPbSlgo1Bu9LbeV9Dd9YB/i/Ds=","R60+2rnC7vqVUdadYTvVdi4fnw4SSqAyzquBLkBvmaU=","vB+W8CUDMZ9/H//IpR7ovCUl6C8DmMdBHR2e6EaUr8A=","bSd2HJSC4q2e6IKnroqd9T60B8gliGmqQIRK0uOmxyU=","BBbhFqnLjQ2AoCkBqhNS+Jl04HBejNa12k1RmBDCbCU=","Go1Htcx623ITJtBEQXj2pwFkAQ0F61y0l/b63rhUvaE=","G3EhYKU9JI6WlsaLx1f6GBsEsV3aneZNhwwyLMI7y4o=","iEAWfEao/JwCCCzdHXbIaiI3IKQWJAKb1zZrvQ9gR9I=","qC0MjuzZ/y7d3+ippXqz7NTL8KocWlAC7HA/MGjrn6c=","SHifurHdYfrgg1Eo302KL2B0at7MUwNxGBk17I8dugQ=","0JCGln8H+m3MyISbz17BjLrrHUsyglgOti7nhpGyd5E=","Pt1Gx5QfWQnpiWZTamO47xROn36NaYgoFL8OPcubAx8=","t0unXTxiPXZR8+3ChVw5EgY5thrQMm4q4CNTc+1gOTk=","ZwoGEtr9WKDWrlaqpON90vWyU0DR5R6LclAUbJKXHNs=","TmPxZFvolDTPO/RCe/ltThj0cvo+Iqt6BPDrDMbxU3I=","i2uJLjobAalYizoMQKdgmXL3NLKXWBt33ZS9ERtAZMY=","Pif2mS2TMmlUvcY57tEuMMfE0sLNaKxZdDDbCQywWWQ=","KKtgldbSgbg3OoqdkhlIhVlsRsEjGP/wsKr9ugD+Nas=","s+iIKJiMByWQoBRbMgVLM695USdSgNFNHwAUGfCji4E=","NVxTRTgXCtcgUnp4fc7oL4YJ1R6MKfBFY10DYxRuyC0=","eQa7Zewr/orf170MudWWPHMJNX0zMCtQFvWSx1DueZY=","Y/UTwBr9qCmRcBZcSG/8pb7T9krI6vBA1ohe42+suxY=","QCjlyap5oTRVxU+dHXv11E38GunGNZWwoi5/GTjPw/M=","VnWeY6DGX+tgl68JpcOAOnAGhnLpJUZK4DKtelWveCI="],"block_size":4096,"path":"public/actionPage/semantic.min.css"},{"block_hashes":["UyWL0sgDUm8qHbfMizmn03JFiXeshl4jQb6hmvMgaR8=","vX7EJFPGhl1Pn1+InMdXLC6MUC9HR59Eyi43TWQpNl4=","PlkUbhBDgoz9WyWR/8k07Y6Jg7rNOf9jYWIghWHCBj0=","Jo7dlA8H8CXAFvL1p/oT6+E8gQ3rnzTr9UgtpJoXBV0=","sauob9xvNSJJVuOWuCbIy14xoY5nR/BgLvXBiZ/wU0o=","qzahdqCn/nYTrttFtIcjCewO0p5WtBYPn9q2vN29BD0=","HKKT831vLj4LWODW8JpHSpQJu0HUtQk0IuZcZ5uBknw=","YpEmRT7kTyvMVmQ/gPkL2FvsRtY87lgHWLfgcyfFIEA=","jQw7NtWmC08qRrbJiG/Ayvn+N/DGL6VI5JlaaYGUz4E=","xHsCskSjO4ueE19wvMDY5NxroRJDtM+Q2Cc3JngdIaM=","HP7CPLJQFbVQC5r3c8sDQ227ScH2CYEc2APoUQaD9uQ=","noSsGyGFdqQKVwYP0so5SDGOeoEwmpudw9rKQnrL/GA=","81DbwNBVtu5rewidOr/tXW3oq+WhgJsCvCLAlXx2dCo=","hRFnDAqbm7MLn5UDgc4jw2j1rnly1C1ySWRi6qQ38oA=","X4FoFApb8pSpWAt0kkNqedxlxqoHyNs29Cw5liFRCEk=","AD/8RlyYgEUpyf59FXw1H0ZEIPfH34sKbyM81IvXGAE=","UwW42S8PBCv3/V68oSGTQeg2Y12tW0Ia9YgLo8eqy0g=","l/a29TCxNLlXTjWDAh+HeEjmRI+yQNy1Kxdn0xpLEdM=","W45L7E8zeN4toqCiJDcR5/9sIoxTz7lm6RvCfnrkMyM=","u2qKYtjNcOaCNCxVhEecfPLPL8J1WHAIwm/vPort9fw=","v4wsZ8KlQEKik6ec/VVzYefB5AxhGCmtYfaWBeaA5E4=","QVZSX2ysHhqKlMFYrWUOdVC7s8x/3YDTb4y5nxpDXp8=","RoQl8NySK1iwCPOlnR/ceX58z6Q3Kv8WN0kyPOWfFzU=","oadWnsQGx4WSQtFNq7tokLZlLfpZKWvijxJiOiytiek=","8yIWe6HKUnx7LxPYVIl5SVUNkgMR/2l77JlbimW+1DQ="],"block_size":4096,"path":"public/actionPage/themes/default/assets/fonts/brand-icons.eot"},{"block_hashes":["G/jhCRFzIGVSWewdoYwSqILWU6WV4loAD/k1mgzTwak=","ujuCqW3PdFgRimFgeeMYD17U6a5TGqggv3oNcDAILNE=","1LSNYALPBXI7hBaAk68LrITfNtUAhaEYkIKPv27YAF4=","bJgQFCldQutwF23CEemCEQtJk2GjU4uptrryS1TMHD0=","Oi1YHj7vhzfO0MKhnUaud6JWM9lfknKsNxioa6GcqeA=","bShqoF3RMkY1rl/aqMbE8XgQRffbZVQeZ674l2QdK/o=","lc6gABv1Y1leyF1oKu1+9xCpW8iXxlvhMAiKRYASdLY=","E1mO13H1/VnoOeq+7Fqvr2k4zjp4KeeaUplIHX4qC14=","TdjYheybVySPnvs0zUFtFHv+ZL48uy8U1/U8xKYI62c=","U5v/WNSjBtKhS/sVIIONo/l57h2osEcbrkEnTWN9+fI=","lGlnK5gJDVwwfnesgc34DX8RBpanMgImM7+PSINTXNw=","KpBj8GbLies8Oq+K5wKM0vsy2G4ZubjWM41Yb7gJFCc=","PxqXiIOAMjFMcvmLeXwPPccKw1aYQBpwKCmFcgXxSNM=","7VktnGXDVgFNTke5k1xSgVp9OCTE7Z7UPJTQVTIUwoo=","+DaJ+sCO+BGi5ZNrYiGSsO+F2xiNr7w4jNr0Lk2Ejco=","lWNIMfZHxdveFLd/e7N1kykpFUSvSYun9jAHu3FGws0=","0q4X+XOXwE1Pn/tTsyDqLRxrKv2xOk76JtG0YK/PVV8=","/wWCEEsPRw/bYjVv+PNdyzBuudR5jxgaaP6TBQXrNCs=","j9HcaAug+al6LMhrQq97oMrXTc5RcGBbVpjSs76uP4s=","y6U+wXpBFho59s1zo4fIVyjoOhsboqdZWEF5htRQB7I=","Poz0CMqRnXLCupHsByjotadb7psekKxDPijh9y2vJkE=","UNyRcCAdJ1nFfINIBe7EbNWduPxUpmZDfIM6RxHpaA8=","EoAx2SSZxCiswMjOu/AwpC1eluayWDUgw3WKmM0OhlE=","ABT9DNmq3NVFFvEn+Z7q1RtXGUhJ/a8NEaCb4LdE6qE=","LlplINNN5zEn1yn+KJCEUh2yA87dRT/mql1QQgaTbXU=","16I22tLhRzNhXFX4stbpxlyYl1T3pieZNIzhLHMujEM=","5I6cosxMNTtBhuj5+/zMRqkj94YifYA4YQIUFWgfRFk=","xEUZy08mWm42c2s4nja3zNXkZ5jkn8oW2p2tAyqB3Q0=","TLP33cb4KabR4DViZtuCgc/cBav0c5dUmy6JadeGv40=","3U6q5mwfYdWIQSa6nzvbbrzJBayX5wgipKYIvY4c/a8=","tysj1Eow69D+ybWNO3868ktfDo+Ewjrx8J9adx4o6xA=","Gd/RyAPpLVTk6pZxT2fHefsTv9PA7jpfBnbjxaTKEn0=","BxLJOifZF1CNVbZmW3m5RHuHTuNfDv3vUM55ppJym3M=","XC/q8ELMoIfknL3wpl6U6v3nhKzZHKCz5IHV2o7FBZE=","H+0AeUbzHeVbO+SI5mftrwtoNVrKWkMMebi1rojvoDs=","TvLV7d6SS9b8FN3mLvpbQ3UyoJXYAtTh0EynEJ3Qak8=","cP5jkQ697yh03R6NVyqRHlZwjIcDcn9Cx8iIDXdHHb4=","F7AIsLFxJsFpRVPGa5TXitXFB2UOmwmG7KSvGMrQMSQ=","4gDsj4UaTYEJUixNa5J/iDvnePipMnDX6+EtqYSzMN0=","xZZISdT1jfalEdnZjUL/fWK8hcTKXfDdrVJz2ek8n70=","HZIsxLoL4U+VK+fhZlqC1T9Gpk7rKl8y/BD8fZs4mc8=","TYo0/EJdaXzWDA1Dk59/FrZd/m7JXWnhzq5XG/Ej/7Q=","PN66VCemE+1d4KnIz8mrAWP9BFP6bE3bwI8zL66/SFc=","AjV8hSn14gdY1qwqP5+0//8e3FQ64n5CuT3y0S1JbKw=","b0IAF0oK7XTzMD0OOTTlOG/TG4oU8Op00demQoRhJz0=","2cCmB7YNY9iv1ke+5ulpbXjt+r03XNHtCt0HLDYcmpg=","+Ehn99FZ4HkscHxaNMQyOxuktt3LnHP/5yUjtcoEekQ=","vrUAL08NHOAj8+NWKC+OyONi2KUot8OtWB4puAIlWJk=","k0ip1i/8DO+/em77PGRFRx1+LUHYcLB0r24KlhqqSPg=","Obp5id2WQ8r8yhYqiWTvT7QjOcdDBjRFL6OltJUTNIE=","aOLLcJ/cXqAiA1O80Zc3Z0GQ7hPbS84A6sPAuW3B8MM=","J9eS5cXLS0QFXxZS+93pWuYzwVtat1QDLGSVTsAW//g=","QVzRsxIQBlqEt8C/Hy9gRaV3l3h1O6JymT+3ZMmdhh4=","3/cAgd1fnwpj7wg+Dc7IkY2vjbR/yfF4whJXgkDBmTw=","8KlriQ0GOaezTe1o2phdVcrsOhnp/tkvXHYWu/1eO7k=","09TWFxlPAyoYjqZf2P2cO3YO8ATRzMjvc351eXrjdTI=","udLT8LgrqjcglcMsECQlcxSYm7EQToRwIPmvWwvaCrc=","Fv+IOG7MlbRH6pdBlOWfeSHXmDbr81UoSd926R7MIRU=","PCThdthTea3Koan3mOduTSOrq1Kms0qBH+5ZUOfmIEY=","gbwDaWfYPq3yIub8xn/073l2I7PvEkYfn9/QABFJXZM=","f+2sy5gybsNjGrU0Lm4Zm0qPjeJJJHsGJegdI4GTgAQ=","RDb6azoP50rgGGVT1SiUY1TptnGbh9CwF4eG+iF8ShE=","9bwcMqujuYk8QRYi7RPBUsOZPio3HiKDsIb4YA8YBBw=","AEFF/hD0J2NAZM++S+PIhdVeERdxGqpSmL9XhTr7Gqs=","aWT7H01YgAd/aKTucKmb81H/0TkXx8z8utjzyBV8VCA=","aSgic6bNqN03bO33wZlGXZq9Vl3fMfAkzd4/6tbEw/c=","yXZ3ar/iI/i00Q8S9/dqf0SJxkCMzrWcmD2H4jifkAc=","03d7mDLuVF/J5m/rUTDYSVzd1o8J80waZS/NbPKnNLU=","++OP+W8YRlQzlBupWMKz07tuGL/nUX97otnTnq/dG9A=","XOOE1fNWHC/gz59H8FXB3uz3oDfH6/z6jL6xIeddEl4=","5Z9ubT03ILlE6BvdsRur3sx6qGYC295mxus8dTowIHM=","b9kLY5WOlfEuemL3LpTtiOsbNI80cKY2Ugr85Bs1frw=","ZnQdZGGsMdaMgo6D0NixWiDslGgmaNIhMJjsX4qkNww=","6Jhbi96kZa87iM7frG0/NYSyxdf2OahyrR+/JhGPBlw=","a5IV++0lmk2T2HYAj4B4/Dy73LiBSgrSTJgtkCY+avk=","wI8SArZuctKElbjpgw8/bRus/amGyx++IcsP1Snlc10=","g6kdAAa95PF1ZegAM3PF7+q3ipHQjeBjvUwcdZu41m0=","UgCOVqMOisE5P4kv+BjYMCdsVoiMpTj1RlvD8d6oCE0=","fRnH2841DU7Xtbt4jU94szTFwoc7g5sYmqRLnwIPqSY=","mLp5qPrjUyiv+sq7U4t778Yd45usCumMZ2AUng/9HrM=","V87QRBwhZmp8iPqGfGTVfHa7onnIp5ocgrlrGu2WrFc=","xBVhB8rcVAzLZ9WaBQHhQtVduXvbVgLJSp39GOArZvI=","uYEzTOH9qZc1/lG22R3FawfM9zHTKI73tt3GxtAEhVc=","5jH23XfMPzNOhIvy591i+Lox5zAw6h9TTYeiYUOJHWE=","rFjNIjbrojX4hpWxIZgxMKHz/CN1mJpT/snunj4jVYI=","4QDvAtCudvwJ+A7AcUYLBpqHf4H3I3yEhyxM9eUIx2s=","KHAWjAVb6Lsl2FVTpUq8UNuiivJWPlV/RKt1JPHZwn8=","AkwNvamNqvmzZWbDPe+IVdYDN8mVUPdCxFZCExrynhc=","JGT3K2ANyI+95yACM1DVj6yZG3bLMH+WMeIBriQJkVk=","cFtdtJEM3NFO7EU6tSNlJ9s1E7NxO+d1FxPVnJD4URg=","FW21sgo8wCqckn7vQFzLoa/Vz/0XEp/4bG0SLot/vVo=","RDZc0IpNXlOtzglCnkyAGsq1UVHbPNyvG/paBvVECDU=","Gjnn2p2nFRxPuLxm/Kxb0OplEpU9oKCfOh0yFckE7Dg=","mlc/3hI+VPTV0/dEc4qI2MzkF8zpqgSXG3co0uEj39Q=","Rl6nQXZY9uWiA8lBMo8WbV4gsj4gczHRR0fdYd1EUec=","3NWsVPK4nv5mXan5F+r1s/A2cJOqY4AQpHypFcZwESk=","ObNuvmoESQToWYfCjBPKw1LcDijC5jnxwxdA3IWP8/4=","/TSkZkCM82SiUVZA0LvC8kqnqSTE9gvCwsUumkb4/rk=","RLL2U0qSs+iODr6cyVyE8wvehbZSA5eJGIPUR5X/ifo=","zArAJ5LfMszNC2Dtzhq1n0Kq5ugJGBP/cANdBTSqLnE=","V/ePB3LqkiILwU78n8srqO59VsW4c3iZJx1No9yJWAg=","9zTi5Hs6Fn9gNzfF4pXAUIm2Y7OsOh4FosJA5s6tKi8=","1WyPCineZsqsdZufDCYckMYnuwb22/UcUCaCMkjkfpY=","ksITRN+6O4PZPzc7PjUcr8fiMy+5b4B6GGiwubt7W88=","E2y0EOv06HGh8beailez7a3/PqMxNIbqeKigRAtraxE=","6PqE5tRWYZGUmkVCnXDEJUAj7j9HyJ/B0hQK1/+0w4U=","ZQVhov3maN3oBc6xmBqsYGGB1LyWjTNnP9El1uvKkfQ=","Y9MOdDwFIkwJc52osJ2WP2CB5xt86b4Gc3JbtM0WtwM=","Wxug911YpXY7mg4hW0mXLk0HSpViJev2y9oC29yx4GY=","EFBO2W9eY4YRy83Kzu/hEnrBCgEc0eWRv/eeYh/t2kM=","5fSAiYkbaHf1Uhm5xP1rIPUoBA7z40Fbj33YY2l7rHo=","y6jgeFN6LwKqWRq3q46QmOIlRaB6+Hqfgpo/3qrnTy8=","sKqkdT8vCj+z+gDX1Ooi0p9I5vU87VFGnfV7hRoL/wc=","sCDvKwSvjt7uTPuAJG8PnaTleKYURWrsRFOwuyB5SuI=","sWf79zrxJjMfWQtwb0NNVyH8fN6lVt+4dtWVyR2DgTc=","8WW33uddpWuJbZXnnFEWAgf4XW5ZKgjy70Alj04bzPI=","vztPzm70PpJIdttaEhPaY+6s+zkrgHXtMJjRvqtH7PU=","b7GLfGEPj4crmvUDUafGkjZWdA2SIg6Wk+gnkMBmw/Q=","yU3ScauBQNt0tNG9a5jBkYvjghVFVZHQqb2rTc1tlpo=","ox0eLUljkNlaTq7tACIT7uqxZ+Ger0SKy/m89xvzz5w=","qKoWM44depG0IaOlUwRogT6yNCcBZyC0qWUt31pui1A=","UbPF/rxCE0nkeP2ePRvbknLXZ0kMsJevzf0MaR+UuI0=","GeOwfHmcaS0ppHL5KgRpnDHAqydjH3U0+ATqdH8IT8o=","hEHQfwWw/Wx4s+X6yZyGMEhWM5XhV5ltv+stCbAShNo="],"block_size":4096,"path":"public/actionPage/themes/default/assets/fonts/brand-icons.svg"},{"block_hashes":["Ha/mibamNtttJy6pXUbMleL7sRF7vti2yEDSZCjmv34=","N6W9UR6pyi0On1A1uhVDi1IDdhWnNZPG1JsU1C/0yus=","oIY+W1R+cNXZIT3L4qv5gUGXvZhVzKvz/r6vjTarRes=","Asp9gn16eGecXZRZZZBs/sjgE2BWutCFngTnJjgRAf4=","QwAdx0Xsw1++PaI4MgA5vnSX0TKlB/nBZI9LB7tsNbM=","9l8FM/WHCiFlQJOjZBjG9rYs4HkGAIby+V4ARSQ/lcw=","lnU7de+V7Qip8hysYw9YSnq57/9c05WP0y+flajb8ik=","iLrJFKFVilWQkWdet/ZrFznjIQgPbGlsMsid/geqryo=","EoObisccEkkMvVebo4u2Pn4L00PdPccuruK/S6NTSpw=","5NBWycfJPDp/FRE31Lq2AjdSinYdr6pWf8wxhrSLcsc=","+xgMiLLciqjkFnEf9cHAMq9Mtea6n6eH/NBSrJB46xk=","jziZLjZpA8IEf20qzU2Phez+YdZ8QTHjnqT4nuAtVHE=","HsfnF5ukSqsusaq5x75ERC76t6NYSl2D4t+nns/lSxI=","enK1ruBWo4n9nukIyLnWxVGvf6MkgxzIHlIoutTf8s4=","bUaNbpQeB1otACBlXvEVYkqiIUmaOMi3vPPSNUuoAo0=","R2dB//9pQzGjraG9d6qqqTYZiTM5XCO/IgPteV/bQ58=","3FNnnoTXxI+k/fj0528g4sS0a7nwD5GsIGycXCYA6ho=","RkMZK44s0mudMD8CEKRu3TDCF7rQnUZ/iLCynJJSs5Q=","ZzTLOzn8/Ck3hziVAtkGNwphWiXAPSfAZgfrJf5wvpI=","89yvqv0ukw+as31vIDbJUaAZ1xnRjSTEp+1Ib/dx2+Q=","z46NS4+gD8JIvjURt05Bjub0FaqbNaZVqQ1GoO0yiDc=","sBhJWRkCWXknh+dSNlCmBYbphdxTXg3vUrya8OLAuSQ=","tPMW+NfjATDroXS6deZQmzfPSW2/oNuSO1JC31/27MY=","VLOGHNlBJajWjHPlGdrot/9aTYNjI7kQcVnQV343FBA=","OcYFDEd/8cLGfvYhrgeotMhWMidn/CxohytoC74m5/c="],"block_size":4096,"path":"public/actionPage/themes/default/assets/fonts/brand-icons.ttf"},{"block_hashes":["5jaicIY7vVN55Yyh1OVsdbu4n0oPYYrgw/b5+fbaDHo=","snGW577ijJYwqd1T8J66Mar85a2ziav+FuWzXL/1gKw=","pmW2Y6SV9X7jC/XbfqooATbhIzrjy3V3CnhgqN1lrgQ=","fngep6a+IZzGo29i0vJqbGkkY6Jva0DMKN4dd5eQFig=","I4UuWQJKnWxVIzakYB7wy7x5AU0fYvcEa88lss0Slsg=","SYEompOwv66qSIoOHlK5D65+5AMm2Y7bQCtgEwMH9tg=","VcUOKziZe4gaUT3GCMIa/zW+FFA8EHH50bqgRCs68cs=","Xd03veOH5KHBn4zli42L4q6X/sAapuDW3NEp41YLgxw=","pBEW74KTWjThRmad8xuDSLQh76PPm3w7LiQBKgb3rcs=","3oOVd+0pen4INT+tnwmqK3OE2prb284B+kW5xUuWp4s=","ImWCsr1kdywpUxCC+6aSQeQI6iZbZ93b9YOIheumAII=","mAVCrDUmckvrddB2SEn6nbd2vrqjtT2qvptOvLd3M1U=","/hG81xWGxiQVu2A+p0pvs0Na4FDIveCWtrbZ96rTPjw=","mdb5rEDk0rHe+dVLGaCl//yAA062OPgrtaaCNEe0SJ0=","vNTEJQkbG+NMA67lO6oUMPV1KGWyI+9R0HW61/QAhEE=","xTzU7D2Oj2JYDsMYo39tCM+UN7Hl8BfdoDDgzF2W8kE="],"block_size":4096,"path":"public/actionPage/themes/default/assets/fonts/brand-icons.woff"},{"block_hashes":["hx1hFG1q8+ULSQvv53hcyNz1m9RWovVV/BQGmh8Nsh0=","C4IhR8KvWn6O6VuiRA33VqfVyTjdVB5oMv7A+yzr1BM=","csWJhob8II7Gl/+0HXsGjw4kUIKPmnxNlEQTFokT2Zk=","SdSm38de73ZeYNlqO2RzNGf6hEuID0EiORxhgYd0sTI=","FJjNwPK6v20u1e/J7ytVuObI8Vr7DfZFxUw54yYdo5E=","gxUA8Y5Gcun3zIe+8lVMAtG9YE+W8Wg+LTiz/QJGznQ=","fh/X6JCtq8xz+I8IxipuUzW2MCpPGyX3r2FsiPIFYLg=","PJe7e+Q24Pl/n9Q56LGdHHqoKeOemxsfjxK5IGrLPVE=","TfoX+s0e1u7YmU8lEr6wpY0AyGA4Tonq9ghU7/wj9zw=","fu2YT6Po5oYbGUBlPSYR3LOdDPVPUgm5Ohl/JvmcduY=","KqD+RP27k+/AJWYVHm92DJcyUYbUinMscyHq3jLk8Pk=","fOG/0CkGS3oOtofp5XBjgk4pZJAh249M/4DL0wkWXtE=","VcVbpLyZ5KxOvj9/s242Vsu8t3leqmemLhlSk+KIavM=","nJ++7vbvaR1AX9C7T0IM5/baNi3gT9OSNIxYo1HaMhk="],"block_size":4096,"path":"public/actionPage/themes/default/assets/fonts/brand-icons.woff2"},{"block_hashes":["lSiU2cN/bXsxjyhPyweZFFAcWmCcWFmJ6FC4Ru+nOdE=","vpL+7a+Q8q3T2ae1XbtDz9OPbbx1Ll5DoIBwtspD0kA=","Z1M4qQbeizz1l6xd52bogckzqJlV0Qbw/8DuTWpWG8E=","jFk/8N6VxK4H+R4JFTRjmykk/7OCVqGDdCXyBdltNP0=","VD5EIot27wqaedaQEDUG0BZzTwpuIR4n1JEvubZJdMU=","HQax/2LWH/U/GeMAXwYJWElPw2ncNiFyHyjykp5w7GI=","wqExFVg8pjG39YRuFBUzBuryIDh/gRIf2HYB71rBjqw=","AnDZnRnD0xliCI4JKRlvjGBX2TR5DxzLTdjmaBhZCSQ=","t5bBxKPoPK03JNlvaV+gPWtudamUeXOkmbxv5ZN+KPU=","m9lVkNQmAnK67FUdXIu8IbJvi1RMgnsS0DyQAGeDGkQ=","kek1pXZfpd/rZLr+6RhTKBLzOYB8Ud5Ma9EY3Yf2tJQ=","brhUUSp+0D2o5nb4WGwWvnswoRPpYt+ORkMGNsFFtC8=","tSgzfGgyCGxYGlmnpP0njgZeHzA5RDD7Rt6Ug4mwQAA=","gYLsHbg+gdIehtmWQ4R0uiu4b0UuzQP6KfcfnE4o8Jo=","nNKoBC0fC/ogM7MKuFFMDeIIA8jtnSeX4n+h0WOGnog=","QdGF/uvgqzExt4MsM1Cdoeff3Hzxhh162/fgGEo5t+s=","fHfx6sIGfPsGiGWfil6m3udaPUCNqM24jMxsgvuEU7c=","Ezxy5g5HzOxcYhdh1JK0mw24Cetu/npZL0OJCatJwzM=","T5X4IP6hlG+43jOPbLc9gt8YsuDwKiIvdpHO8RGmZCY=","aml0Pa9i9Pe88AAEP4wxmg9jIHknK0+xjbvzDomMG2g=","bk0+7SodVicU0XtKMbkiK1HlNtxW+zwLtewlRGcEpV4=","7JBdsb0bCFLNMijFLQ/A6DO0fWpQ+suaQO4qiEFvwLo=","QtqGO+Bjk04mRkLjYBQhrFodJCL4myj/84Adbhwxcgg=","GEukvYlwEG9LcGF8u6JcpxDa9r0cJTdLST7BsDUb/F4=","Sa13eIO6UbdG1K9AJFRnA3pbytIuxBc2x4fqRbM+Qtk=","p2toutQQ/SCUO+9lCkKiYREKnMIuLaJ8FP8oiAwW+z8="],"block_size":4096,"path":"public/actionPage/themes/default/assets/fonts/icons.eot"},{"block_hashes":["uO6/0ibIdu0g3R2MuQ/M6/Xb5eA2ckAmTEGB+/xqs+Q=","gzYv9sqsfWZu2GcrVOFaXQxDtmpoPq1UtYkTUMnngdI=","TlvB8sP1f4XCnrChdlJ1m8oz68D2gojg0bd9aMDzT7M=","fN9v1+BCegdaSkXpXYZj4kPnuv9kIZuQ4t5gqIe41DM=","RYukeaTfrTEjCC6ycOnQ3UXIycWvkjGaBJm5/gQpCyM=","pbKrxedRZRvtS6hmgUmn0A4caWJ/8Osyp5FI9HyTibA=","ZbWjhcE9+Vz+G+OtUdjEVq7GnyBRDEtsAaPN1+L6HII=","DElF3Ffr5DHUMZdkt+WrhDTNhlljeZ88k8A7BXR7B3g=","r+SjXEVJowaHllbm2/ZuQ8WY3ZYB0x7Qw07+m+kdwoc=","zuEzvLmGd6n0nL8EeB/cznBVExqdUOwS6fZF3INNhGA=","ztu/O7p1FDBF+pdU9vbDPTwGAnsNdhL03OyUd5nESYA=","VUpOUAbMWwLaUa0jVmlpLSdD99EqixpV+FBdyCVb5T8=","YdZX7BGgiQhNPuTIfZla+9HXBM8Q0tQV6KBSXMcSTrY=","fERxt7o08jAP7ZcMSDQHhBJPVKLpAh3S5jMVK6ZnFg0=","CCPkwkIHsCY68NbH36Pq2yLV5F7BR0cEwdGxO3Gjrac=","+w15QmavrPEQgjKfvZue93y4Sm+lBBZh3pJ1wGIR4r0=","QS53EfSnXlkDO+GTiRWZq254f9i2n2jjM0DBHJ6u5h4=","w6GYqKfaDqbi5g5/vCnpXoodYns7Mx5XA80BnkdT2p8=","pJA1mi+kPMYC1EAy/Wdh6Bsi1PKIeCaIbiykZJjO0y8=","8qQHVgVQ7s8hkZRnw500hVca6nFehJauoad28UsJ1SQ=","EhZy4fJureU0MFR7Df3qQmMKWhO6ln+KvrLbp39Bk5g=","37Rkn0kXxBljLWic7BcE4HHzhCjAGVsAV9qIJxcy8jM=","Z0xkeFrL07P2XGZO7JV7bFOhggP5iUV6gw1igPTdlVg="],"block_size":4096,"path":"public/actionPage/themes/default/assets/fonts/icons.otf"},{"block_hashes":["ZzVV7KjCagtAh/oQBGwZGTBH+YAWhPqQcJhRZ6OmAaM=","FXtZfLmMQhY8ELQ3f+SRT7SySt09xRtgArY8O5//F/o=","zrqtAm84ZEHj4+knAlmWGvVt2K4BOJGVIMeCj+1m+nk=","K9bSSsUvovzmwsddfx8W/Ug3ReSDeawlmLvYu15SKgs=","+SjrsiudnxKuVGMw+9HVidYwq4lzM/jHQm0W6yJ75DI=","vrpXlGGRI1f4LAT/Vmtta9bFwM+SevvjtHHHrVdBAMY=","2iY9cznx56jvg+VV5xSHBduavlMtYsv34+iLQQ5qEZ8=","Gamha5irlOnUBR0TFK0nXUYxc7xuwA4Cx3aK2aH9ir4=","vsdwHULgDj4Xvj1h4LWJNZuAroTnXTh6aaV//OYC6dk=","TmhhsAV+ZO/Cv7/GyYrYE20Gh0nkyxJ6Mxy1Q0fq2Tg=","tdktjw9zGTa27hIU5a0RF4ubI7X+rnoKD/B4BTNCmP8=","ppTDZJg2D+v85kDB9rZi+UkXwbfkZk9qBn5gNBoHeX8=","0ytP394T/Cgvu/7oqBlJK2rt7Ljut74Hu6mr4qnWk7A=","R4Wj40O0FiFMWRc8xu+NEsgAdtBgzRW2pMU7f5lWT6M=","wXu4xQbSiI2MRUDlTMawjtcyZnyXv0X0pl1gm3wUBV0=","kKDHUntnJOvLZAKVH9zdagbm7UqP8XV23XADV8sud78=","anJPLq1eDcN4KaDKYmVMbhEgVE527aUi/hdHsRTxkik=","2dMOweKLXQSVynQDeTNUddQCI7HmtckcI7V6vRbww2E=","GRBEtX1G8H1LrWJlYor/freeJfrLw6pWTw6udQ7to1c=","iZL7oFQtUUZ6sQiIkciZuQxxDLA01j32fikbL209iYQ=","19rlEq8JFXsODmsPPcUXIyJLMY0vDIa45nvb3pGTDXQ=","6gV9c1OXqD4vq2+mzi+pNefFPH4hbyr6m3UV6rqmLWY=","HiS4Gxn1QcMkfVhmYrO5RQdtfnel5Nengp72789Yj7g=","bPQoiQJ/mRzZxXNaCa1HynKLgBwBQvVx0IgDrKjMOi4=","uP6tz7twP3XszO2pxBDRQGV4Kb2ah/D5n+qo4AehcYs=","DGFVJ8jKlWt0cmmGx3UXigk+UKYyNtpfxSOvWbSFrG4=","ckPa/QcifuVxXj53FvNFKfPJfbMVpgG5zy4BVi5FeNA=","3h8eOHBzvP5pcHTWHqCBdSFhXKA0E/5ZQNCZ/JtY46E=","jBVzD2HGdu5JI2719RMO+hK46pNaii2SkmwjHex9BmQ=","QSt77VuDb+OMxGd21z0uzcjN2IDsoILqSVis47kFalE=","yw7dR7BtfhVptAHzFhD3KNp8fgorPyGlUpRi74irNWI=","PGM+RVnhmGWBJUp9wXDbKOcYkfIpdjzBbnuckYGkp/4=","jQ9heBm9NcyqHzJaeIMSgY/dAnAHsxZy2MH6ly7RacA=","Vd3PniNC6EfnZCrR3sgf8RIu5o131d9AHCOn0i/CrAE=","v3lzTDMejnMFjGqHUtYkUrUDNjDqE1GN7mo4JDgoZ/Y=","zqtxfdmbkzNsttyjoptc63jDXSaIaJiRBMwEPJiA0s0=","+xeahfXdXVPAkGUi6lIgG+EKwezOOf07qrv6nS2Ju4c=","zyXCmFz8/gY5Zzp1UYXJDeF0tDP845BqK6Rz22N17Y4=","S0lyl1sCQ2/PMQYR9IcI5RQVOz2YVAS7uT+9FT2OeKQ=","UTTQ9GHf5ONdK6nBuI+Wkx1TXPFqFpWDKyjV95ap+Eo=","KFl/+nf2daAcZ6KbkJe8uciTLmmxhYavJa1jGacUmMc=","9++0Za/hsM5tqgPeoZ2YvGlg236yAoUMWXZMio/Tz3s=","jAQPf8BV6ToEVOGJG1n8S1Dt4a4gKRvBsC+8l/lbyl0=","2ZpiNuqrhZj/NgfnLDzYnmPzUxOofJDSoBL57FfiRCI=","vxyciAXwoIqPHKV8zmtoBFdfTLMsQEutLVJbAmUCQ5o=","6mEixtZ+GsGzpEsEZiY0ZUTmHn3sxPLC2Ipah/o7OU0=","QNiXdaBDNYfT7ZVGmEujWAvDSGpW5jfSjK25ctdwFSA=","tMvB4FgaAc7mSRXcyzn9t1df7Q7CEDJPkrfbDe5RuWE=","kE7jWIdJIrHZ/hvnW/jO+POUi8F3d8zOH/YK13PTx9I=","/75y8TQvKXGLREUQLnsjKkqre1Gvm3KXkXDEAs7pE3U=","yNwA332T1HEPGLFP6ycXVa7k5piW3hVEq9uhRAkTxtc=","4c5F9iaPl+neAJU1VvCLYLc+t+iHPf+HhOq0vcv0/K0=","DvYC1ks4z0ugH3C9QNIaxqm0h8UaMQNlHFL5gFrujts=","jdIsVsrzgWW7e9Mn+kIExlyz238a4U4CDdZtu3SjKC4=","J1GV4jtxGQ6gqS6+zYMDLWnI3AdB1hwX7ToydzlNpMM=","Srr4gshJITdjg47EQBlVOYVTuhBc/BJ8T7XvVJ7pf3c=","RbxLfmdOMzIS1V8gjRZw8FSYJ3zOR2oDcCs8yWPkjpw=","yUc/QS7JFCoxzsZY39ude8FgER8WhbsZHjqfXFnABTo=","GpbfIGvE88ApgU+pTpLtMa2bI7TSVosJX9NQ7xl2jYM=","TDITKeaeMU0bASsq6e/DvZVvtr6QFlHb7mP86USQXfA=","P+ySoL10o8ABAYFkLJSFBmsadD3A7Ky3Bg5wEnNeIjc=","RpSsI1DeZS20UXVw3DemSunu4RQyspaaC/DvM5kx4P0=","AJWTE2kOCBcpdNa9/BmhG5luKWtzpJFdL8T1qNM1x0Y=","pFDtTqDXEW5BXHpM6dJZKx3vBu+W7408GSHVjKV5sm0=","Sdj71IgeqVbfJLwEWS8TIiF4rpFNVjAZWZD6VwHFUtI=","DiRht2/SIiY42S1nf82IADzvWPBEzXtiZnPVrq0Y+xA=","60W6WDcAf8OSinOg6yKuRTc2fu+68mmKHLTY8GAlSCg=","I1g4gtSZvRa12YV37Ro7Nbq+qbnH4/K6amm5CjLcbdM=","byXg7KxyNWrqlimcrWOE3stBLatGglpjYIczMHdEOfk=","+5CjJM+vbO4EJhJI35vpojjYeCfbEou/2gETmtrCbbE=","CVa2i2NRXGuRraMxHp7hW/IlR7yJsCL1PlkuoIanLd0=","hVEkhnmxBfHWMcmPRDQFIwvhLAstA0MQmUMgTem52XE=","lqzjMdDukK+cB3WuBKnACl4nPHkq+xr3WL9bwsnno1I=","PTVjIipIOyd/YCsDwudHQf2sdHE8Pnrdc9YpR4Jaauk=","/iSNnzNsvrdxXxjUUbERC5g4t/jX9uG6CODaqsjcPrw=","gMsgIu/WPrcCqk2EMmOAyr7dEyhrpmPDPoouRyvVYUY=","Q6f6OWrLqbC4A6okc6Gom/e6rXTLJ5GTCMIjQTTSd0U=","2gxqRRC8RYNeBD3hcc/kHAwiGzx3fT1or8/lmdjFUJ4=","LgGEHrgZRVSsLMWfMn7vkuYVRHArA9HLOv1fEe7rQ4k=","QwdEuq+HQPKkTkuKW1/k+hYYMIRo7rYnpLFrwUm6dz4=","uAfWdMtxr5PFoVxY6s9QQxCs24ZH3WyMIH4HPtMIoe4=","il6huPiSJWpBeGO2iEnHfgIBdV2LPP4g3TYKUFCNlAc=","oWMKwriDuZ0922dNHNxkx4kUcsPeZqv10qmaz26L7wU=","4fMluWKUsg47fsO4HLipIY9hUFLxKu4it1TqjepU4xA=","GvjagLBmrCtIhgp74YDv4b0/qbu+mPkYDrej3E1X8HM=","a7mnz6Khfk+lUx2m88ZDZ/tIBFHZ39c6lF8l6UxL690=","Ty1O5/72gZPrmZhTRd9voiZoiMqIhgcAO67TDCk7vog=","LRUrotXC5Exa7b8qve17uHZc4t23jkkqQD7KScTEFU8=","kV+1eDAgLmjUMbpeTcn20pb+naG1bcDNNruzSNSxzFY=","JAl/HTAs2F2bZX9unVU2nRTHe2CFG+hL2h8a2SxGdOI=","KRzkfPb94OgWmCOdtiqonuQpM9KFerfGNU+o6ufnC98=","YoIwqb4rXd2yRsonlUYztjBjgg685Ra1Wx8Ml6x3wuo=","hzHkH2XjW5arVKmjda0iyAEv1KoCnozb7ldpqLwALHY=","drIOPImHd/6nCsTgPtnR/f/aEOlRpkDJjcqa/ieD7Eo=","yOasdnrqiowTQXk86EfHJRtqtrX97geg4L6+YiwvnRs=","kFGJnpTyGdpmt6mtLPJu0TX0pCBRLODH0sX2EHMcoto="],"block_size":4096,"path":"public/actionPage/themes/default/assets/fonts/icons.svg"},{"block_hashes":["BC9jh0HBkJQ7OmRnUdmFAYVnhW3Tykx151lyOV3Yq9M=","R97FZ9cD16ghQsBkRqF1tn8kLKgxlcKJPvxLoWCcswU=","XsoefUYULCF40M8tLaU2rbyi9yjXoYH5HLMq/uoz1LY=","as8/pXeNJoOR7hmHbFLVcks5KxkU+7OPF3dlfz2MF7w=","9JxzyA3EumG6shR3NJkpic9qKMYd3+VTpyd8Puv7LHI=","Wf2IpqJKuSfV6SCdYIlVo1KjO2uGF4giQMkFFkvzsE4=","dqMOiz6gSYIMr+6QvKVaKAqqDgdn/+/TywkbufE8UcQ=","Enzm7lFCJ72nPD2yMCnMZGDiOrbDgk8iarmXbdzImP0=","k003QeFwCFmkfCJfOuhX0IeqedWuV806Cbo2JMr6FKw=","Rr3P5V8uI9CYuI2MpMhGhyVBqyVxTRIxUS/jsfE6gCM=","bDK1ByjY93jEePjC1oubVBEK5VZ4orquvvK+tCKMkNY=","cg5SIMr/AX5ttLcMaLgXjkEmyg8bBbLZZiTOEE/oXZ0=","ZeZi6sZ9wH/ntrRjiw3v20wMKtleMD2I7cKoHfbm2dY=","3Tn/m7OltNXKnvf5Wzx0m6MCsc7NhXlWBc4rbfiWojM=","D37rMomJxOlBpr9EzHNW04lNZBDM70N8ZSQ4M9Hn+zw=","iMD+wBuIBcdqhWtEkO5RwD98dcyEy2/JdDtQnU/F+Uc=","wNgy7Q1rj2VeCTDptaY1rhVLSFjI/mSUED9SIyGNX0s=","z0fGiwfsl62kvYAOIqqhiLxubkFCVKbbfIWH0qLnaxI=","1inIfOreE4eOtqwr4yPtsMza1AX6sYFfIBXo+YBNjbM=","YXMOEaZY4cQXad4hCQ6BcmggsuOeY/Dmuv9Rdpdbb40=","FdfMPe/f/SRFGsidBov9H9un2aITEiMLhaYYJIXv7dk=","HApzpbYg94lgqmBT46ehGdyRsaSY8jbT7z4wkcKKdSc=","h10TaweHihHhQ7cKa08RQ3YDc5dxX4IjY1yJfdjN+/s=","zwFjohoP0AAvnK+1j2rBzuHL/bCpcJgIEdMZBiXZ9GM=","btQjEuSJKi/RFhDLIb+BPXeoz5FAt5rcXUt8Ba8qWnU=","FZ5KZqwTE0IcCndMvQBdfa47bQJFPyJhl2KS4tqg3Eo="],"block_size":4096,"path":"public/actionPage/themes/default/assets/fonts/icons.ttf"},{"block_hashes":["JpGQy0P3IRRscRaltT3Gm4TP4l5Cod3KZxQxzCNfqoI=","MDlFWar3ZswRsYakpteEaCmhG/sIh/zKltoa06c4UK4=","qTx5ozdTtGjIbvTWDnrLkA/1R6ZhUWR+6iGrh2EsRRc=","XUCWFHFSiOQHO+GZFVWtTl0YqZShebIePGJS9dYR7gM=","EXUOQWriF+0IwIs9ZltL+DjSq3qlQTeSg15WDyhrNsg=","fbLPZ4E1yIp7FIaZDsyU4HQz7mv6bWVp3czpwuElnUE=","7Kz8oXweT9h7XdnqRdJsY+7S6atapU0M+k2Fj5k31JQ=","bQ2dW0wL7bL4jP+Iq3HfuWFzH3ypbPdWn2D6/AJdzkI=","Ap5kowUfmoumUUIfpLuG4+tGkfW2ffDt2pVGKzxcprM=","fDQklnloCEfoTpPXwcuitEP2N/cCpyPci7LAqxIzLOM=","VUngkcAJUPqO6coeLYp7Ms/trR0gvFt9Bbxd22JC8RM=","Jjuy6mMrGkmKtc/qFoSuodEkk+xoXXksb2pP4BKimwA=","yqbJiy3poqQILGevw8OnkIiX9+SkDRw6OWY31vimo00="],"block_size":4096,"path":"public/actionPage/themes/default/assets/fonts/icons.woff"},{"block_hashes":["a5UK7Swl/H03bxc+Q09yNvpA9WaM2elkRBsG7+UsM3E=","iRA5AJYXqgIn/X5JV/v/FVEqv5WWNHQDwXeQRmYVkOc=","anqNvjF/nGDWmbUyxsiBpsfqxa0oUUlOwOqWQX3+g3s=","kETPaECe0sSKEkyaRtuMHKa7YUfCRqwAicRLYFp1T9U=","g7RP9iCgpwTpIgHA0gqHw418qEqanm7YLuHq/GmSxFg=","ENmgl6JOt7Q1DzqYTCh3IWom/D72twKPQKNomifJB/A=","DEdn1rPqLxWPe4EOyJTgdLJdFVbdWR9/kaXVuhDaaWU=","Sz+6URuyTEJ4TpxcjZzguBubVKKD3Xt9o1QUIabvCYE=","IoSDb+rfOsYOAOigL2zF4yezeERuiMlH8w8qDadWy8c=","dTfXgEd734cwFcCmzo01vWtHGrzyfrnAYUEmTifgiRY="],"block_size":4096,"path":"public/actionPage/themes/default/assets/fonts/icons.woff2"},{"block_hashes":["k/GnPGb5h5EeuMWpUG/0X7bUWEdxowWJqgQQjh8VT+k=","yI06Zlrt2xm7ayoYEruAbShmHkl2rA1zs2dVgiJSVT0=","TbVlpHfT/6vM52whBArIc0Ee+ZjG3ZXSOQbWEq6XYwI=","OGwWVaEWtzA5BjUkwwElJ44Dc+kQ1/p/H4tFiXKTV9Y=","KdIM/eA5ZHY8HLNRBR+vYQsRpbYS6dedvObTHtDEKFY=","XM6FVyoHNEcsrd2MxIHkZ7O3nZ5Tjm/pd+7ZqwzacZY=","mdDWMDvK7FxbzklKalIKUkzHvWE5vHOjwD32qh6WtjM=","7TVqySvGRYtViWceSlw2QfXTy9ON6KtFOtkNiUha8xk="],"block_size":4096,"path":"public/actionPage/themes/default/assets/fonts/outline-icons.eot"},{"block_hashes":["U3gQW//9gqkfrgGXQmYmi9PHD64GgKwQ4RKO5a6vhsw=","es4N4gePbrRbz0we2aw5xxjEtjZh8YirNQKokVrrW5Y=","+tjxjbc0aPYesVqk/9RkwvoeSzNpYMHLk6JIkB/iV+Q=","C0W8wJkhORKRfwphbKWR0lmHHAjHsX106JUS1LB35/k=","ExUxV1j844eTraOIqtoRWGamz3x3YVjiB08gnenfpxQ=","HQz0Tv0zF+hUBXLxDdku7xRL0ns5FITI3Dzo8um7q3w=","Ke+iFI4HIlZWhixeGdEOAbZ+zhoaHw1zWQkJzQ/xhvs=","PpoMJOqRhrwl+lH/ih3mmXodvVqfwzjsayYvmTKUHRE=","qa43JvoH0Z3fhq8wssGYNZaYHlunDEMOIICnRchNJH8=","rj2riOD6JAfLwnh2YM6u+aGh5jLFEOy4O/vVsN+iksM=","LKNXBPomA+k6fDu9LBf8WnA9jn+wS+lYi889d1ZHqhg=","djEr6bzjV1EAyAadQgTmINVqpjoQFKo4wLYaOfJWnzc=","yfeGmuOhx0iyJ1K13e4wQrXtrd0QGb3MW204QBqY0DU=","DNZJflL5C5ZrTDcQlmbKEUMYXR538vS1Vgn2UaNnjj0=","AlySM5i7eE9jqrNGnHm7ghLEo+JBvbPwftR4+DhlhbM=","UCcOz/pQ/oRPDaZHa2KAuHGszwIfzEBCSzYbNzbhUvM=","r0Aw9QENTpO/a1FIPTcGam94B8jbOiT6iwQIYvSFJEI=","obErbwKmgClLooOHzMZSObu+zzv9pjtDpOF2gxLKTPs=","P9+Ytqn/h9TWQvgETNGL74eFHXkHFOoZl+tKSneDHJw=","66Uf46Kmf+kP/keyOmgUNhXQzWM/NaNImyZWYeRyZ3M=","0qCLAjb2VXR5+vNbyRSKozo/IvwBAuJ3nQHkC30rNsM=","mUU4sl03oIXbNc5o1NVj0c5CMbCItL9NmLhtmSXE1lQ=","3g8/mCkuQz6aJwYRJAkI7DZrb0URhTUmf+5kJe2e0P4=","Q3M/wbUXH/JO0DqrZaA/XsNPhMBQ07fkXva+1X4RFhc=","BsD7CrG1QAQo6rwo2amuwon4eXJt9kpJyI9BOIVyY3c=","MxZEotmk4UQ27fZJFX5kUHyEnpmKqMhP//z6lK6UbzE=","9nTmlaz3o7sbvQD9QaX0xf82kw7Kuxpd/N9OHCV/CMs="],"block_size":4096,"path":"public/actionPage/themes/default/assets/fonts/outline-icons.svg"},{"block_hashes":["WW5R3lCX682IRQSmoqbzK1RlFBkqLYLu9Rq+YmbMkXI=","2AG6Ngdlfz4MnSQFmBDcRM6NAJXNxAS60MfCqjx7jao=","nGiVbry/tHE08xwYqzlRKBEZpKjYq6bJWIXWUhEfZZs=","fhs7LkYv7v0NY016JzmxVxj4FSXggkmStyGHapvc874=","Xm4VULAyIwxA12s8Z3Afs52wsRzjwtkKvtef39A64KM=","Pl+UT75tAKzR/SUuF/kn9+kP4/9dlDJ+m+HFkGDleQo=","Wc2Zch5HjOSTnvMjX2bzqFbXp/+5aS8uWDepARHXAQo=","3YN0XcQ/JgF/0c3GJrcsMc6mdOOdeeG66NnzJ1uwP2k="],"block_size":4096,"path":"public/actionPage/themes/default/assets/fonts/outline-icons.ttf"},{"block_hashes":["0uoW9NxgHJiJn6dq0Mi1lwq26mt2UBKoHGXyN3NBc4U=","1qJ7LZjeCM/MmYUeUHueyN0pb5aQB91nGVVQ+ma5eDs=","AAaM1VoZwJLPSNRl6xaz6QF9hh31awTWb9+pEpJq+XE=","Erd/jlUW3aiE/NPcC2D/staLPUdnGHnFTfm5vmZrGvk="],"block_size":4096,"path":"public/actionPage/themes/default/assets/fonts/outline-icons.woff"},{"block_hashes":["hfDLijqS+fxHDfQeh44Br6je65iRfvVMTzK4bV3o5H0=","tZS5Q45gV49wXilg1MST46adOyagyun9/fLkv5JRtkI=","tZYa72nID62ccm6J1SqBDKN2YLbjptf4UpeyeiZu4No="],"block_size":4096,"path":"public/actionPage/themes/default/assets/fonts/outline-icons.woff2"},{"block_hashes":["Bw85jY4ke98219BhF0Z9H1RCjac0sx6T9NLJhOQzKaM=","IN6jkVLqRT0DUNT0eOGudiBuJmkEmqSZUZ0BgSwqJaY=","n3tdipsjJtd6zi3CfkeRt6uCfJ4cvSefH/l4+qQ4yFg=","PE/d7ENCE3+syGEe1xVA9GLqo/Zg7YCuUdRjg+lgA20=","tVnjBvzX0xJrPMpExLFUAuw/Pi71tBGtuAz04vx1RBU=","64GWhnVQM6JzPHO7rkPs2RVbXARStz8QW6G+3sXkwcI=","oFyqYxqOGg7gSzl378TkInS7HsZJ+dqGP9fuTwKM9m0="],"block_size":4096,"path":"public/actionPage/themes/default/assets/images/flags.png"},{"block_hashes":["B0djvbIt5UZ4eiwCrf7HqDiJAxVlB22wGaVduHmvuDQ="],"block_size":4096,"path":"public/actionPage/transition.css"},{"block_hashes":["fF/VqB0nh0WotJLNTLuXRaHa833hU/iKTSF69rohgPU=","JXETP82oUWbkerViaVD78g1GP8GgkVDLfcncH37QNq8=","9Fqi9SNQXnJYymJESY0cZ0WmKP91LaxSVRB4zfMRGKo=","V7Pp7ci8wRnF6sotZeY31TevIi/4cdl1Tio2miyyhMM=","fNY2ykF6Uev+GR7+GA76ANvw/bqHrA5Twey1YJODVzQ=","cwSbz1inzWc8PhJMRan5rON2qVUG1rqgQwFv/tx6sQQ=","d+K0p1Q/HbJhC+rTBY1IWumyJqzVO/N2gLpVbcIsQrU=","4Mrc/qMqh58VYlL9vnZw6V/wwN3YD68coBGuCFcXv9E=","ruPiv5UJWz5VWnvNrmnn9GwU55qN449DY0qGnJNJWc8=","Pl1/f2Isi+qrB2GK7Nb7okEHQUrAMnVyj4wXz6tOIXY=","XapZ4kRYXXEDlXRhQoMtOnsuU5LfHwY7brtYv869DMk=","MWCMAt6rQVpSY8FWspaTARIgERUNW3JgFTeUxG2tAws=","+1+fOTSgOi1a3dL5B//hp0BLmppstb8wl4RgmwsQk7s=","JDo15ON1C32cP+4JI1k6tSTlnTkJ1DRIT2xr7RbWHpw=","IBEzV3tib94hUwX7HcL3UFAnssZn57tVMu8lrwnJOOE=","xgWPa9+/AsCSzqgwFNfW99lZvbgtxoxL6VbqZDuGtBQ=","P412G/5fxetCTA2JUIhomkeAE8MdvGn+G8mYDfRIOOI=","wdFdwX0eiPnBK57Uk6E1Exbq9CoxAEyJlZh9A5qNvmk=","x/mZY3YWwIx6wLWvhstHNibnBGyXCV7RebMx61zP+uM=","VLHQ0ekRxXKUffGgqaH6JDYlI06iLePgad5K7bwfgfQ=","h03oM31d5/xjKntjIjt9bStxyhygvVhNgAqgrgNea2I=","XNVTGaPZWDJ2rtYkdzdQ53DfspAl238SoyD0AtYLBX4=","fBJi+tghHbHELrUfXc02MCE8jzt8xz9L/ARGxuGdKWE=","2bY7Z/ZEwbNXmXAFeKGKmsWzBVehit9cYXMzLye6c7M=","sk1EpMLPw2JX/qvAeVeq4t6NJ9ERXdVoltezIlDDsR4=","viA94ss4SJu+3c3sM8KyPMtlbqhaNTWpdQZat/w2Eok=","LypU3Jd4CEO+RhoKlUgZxlIs19Ps1GVGbtmV0TWBWSM=","7VK1lY9cRGcXa92hbji8+BYskZMKu+T76Dji0+bp2xE=","44DnZmbX9WdwFVUApiek6bjD5p1RVUba+xmK2bQo4QM=","38hVNxk25BkISkX+Q6QsLBn2e3C/+tQcLfY8ZlmTJdI=","x7TEf/xzmK77iC2gQJ6u4B0LnyK/9Yiy0BSSfemiezY=","oC/u3GnCG4MS6z0GU0r61iNQzeIOExBHig9U+eLd1CE=","YK/1iQCqIdcf4rJGHsYyy8kZrtKd8LOcO1M+x3QACXg=","gfuLKRBxDG6O7vHQOt3vNf8mnxoguh9LMmpD2U14xG8=","Droa8SzkeCxVIzMBkXpLlrjxv6Bk5sBXgk6V95t/5Kw=","GRhK+aU2MAMaTM+LZ7QTAD2S+eqkpGTmHq2jbHeO8TQ=","ew28FRYoDeh1xPqwcnhFW+og5K7MMJfwM9fNLHf7g0M=","73xgtKjeyvPx4ymCEmmc2CwqAG3lnbxlMHnAlLldMhg=","qeXhk1Z/doKWM0yi/ZWdsr0H6wjsFV4YEOUgCJtIsSI=","7Ew5ZzEIsDoiKAvT9YjTavOYQzBKdgBzcb/8gohf4wY=","Zpx1k8fVLKKSa1M+isCoveoJOqaZ22vIOGw+pUF67ZM=","zBoEq+iX3kWVx0+3PDcnjKOdhsykXX5r81K8z2VgqyU=","wTayzRYXDj6u/AB2GOaL+q8AUWBQAYDpRMr2GBbJVdY=","+0F9u13d1jl/QsiiEb2IeDKltZdIgAACxmc6bEYvXec=","CEBVEZDEhcGV19WWd6NAvqeQfuSgDP+5yjhV/TbNLQg=","am06W7Yk8sNiU4zG4qgdtv7XKWPn6OjGsUZQHUqi/Sc=","wYmXfEVDyfmJtkF0TyiSvihHg/s2lyim7KD64ySm3so=","DdO6TCovJ2sHL0Xh1f0GXyIQ8VAdYelgkisdJ55CMdw=","C69H/2V5z8ePsFt+qyoHDLJzeCaZbYgMal+TuRn/cSQ=","H3caVf6vZ89og+rUOFDjSCcNK12QF9t5J/PwZ18/LZw=","Zz6RKl6+ww+1k6YbtTtV97+GwVsA92yVlr2lB2/Sx08=","K/O5S2E1LNttyBgteKKNGGFB9xTjYuSx8EspJut27HM=","nILaoVjQ7fpn9KOJUftVqNvNtIqe1ApIug/AfbVKDCU=","JIzRpCkayzY7QzeLYrfTaQOIQWV1ksqK+HgU7GzA/y8=","LiW0KQ+jIWUX1gg4lZsVPWw0k9N4pxBeNyjZR8Diowk=","mavFIDwLbKAfwileFg9bBEbt7FKjJi2iCZ0JUdBiiM4=","X4UpGU0/413Ki8AKM7AKyDGWYKZiiLGNpWxDAgyj4bQ=","/iYirmxPsK6sM8y1bB9ZeQkfLR3xUEnp70xwwpJYpzc=","G1ynTQav1crQIIWoYkfsmHKsu0iVdla5fzq3hKzB05g=","lfJOcC2Z97059Mk0AxW4WzVw1YNgFOK43pJOrq9qyks=","WW3X9nG1QFa+sAMUw0634hGMJJH6nNiQJ/duHORdWf8=","7bo+gNFoaOJqvR7sC/xPQw4VO1hZUXw880Ts9yuAuBY=","jzDwdJRKbCXbBOc03i4sUr6+hTzFPt3EgUVzalBcw9U=","oxWpjMUcmj56Kh25vyh1AWDMdj3Kt0eLDP9veT2nU+4=","lSNhIZIZa/oIbsOSLatSBoz0EJZDeLXK4ud//oCDkaI=","0JwRb/Hs8WG8P54MOgZheTfbQ4bQnhj360rJOcD59Ig=","Iy/YCwATr1ElZgXCoCS7YIHtsdQc1cM+js0TecXyLEc=","76p9i7T7I109G2Kx3OY2MP+HAgc5Tlpio6lB9Lu3Gmc=","bx6AtYdnGC3dkXiDVbdFlME2ZJlAj+02Mnuu/QDblhI=","V9kq64OA6rCh+2xv5ksZAQLgWvFhVbdYx5z+CARf0vA=","EdNGZD0xG75mLzV7RrNlFv3OSkH9m15QQ/fBFbkYMzg=","LcUcNsfsubWJfk5epuhgL27TFwtuXu1pwkXwkfhVMxE=","QGfDyGyHl52e/73cDlU8gdgwvua2dggM7OEpn26s3cQ=","S1Ypdc+bPA9Am9i6KeSEy14o1bGGApzENU4r4KSYTRM=","eG59q7GYioqw4kliJpfWKsPFL9n53zLuneRLCa1JNLI=","4kP396VAF8PNFNCjr5lUKoKMQQNpA73sPbDMgKqBzoc=","zTTUc6yM682mKJV/7GwM7DfUG7BHqxE48Xc1ngMA/+4=","JnkgCHxSSBzzA+XdRnYEirc5fBfym3+0ENLvvn8GKu4=","vTWs22ul2uO9Z+5Lv2f7P6NIvW6BnKHU50sa38eXy8k=","IGExppgViejyYOaSOcLTLArxg6ij7AYP1mFWxik7yzs=","Xs8NAbuWMI5UJHOTq2ErRpOMRH1goMZej3qA7YB7gUE=","kkUWpGdlz8temfONgIi56WXpKIk7kJDzsGRd7ZTSt/M=","YDJ3X9sPndZ8++DmN0eqTU3mRAs7UvLfc6rlR7keM4I=","G9NqEBcrKyL5ur8+ZZj2vt7iVwDHGowCw3b/Lp82Vio=","8mw+zjZDIauB6ijVJ8/KKbzk/wosqD7QiBEMb7owSys=","pOLOyBCQFjH+desOKr6qNNesfJmY5mQE6qfwgjvq3bA=","LK6+oN7fks2CV9y9C+uoqStZ9SKWAzq/GcKtF+KhSkM=","EuQJYjxWtReEJI2jkdOKNlppdLuRajJ2qEDzOwDy6h4=","YMZMWVIDgMhlyBaeHzBSS8JGkbC3Rm4ghbRuS/BCQnU=","dZhw5llo8adts/lAGmxyOo3LgZr61OJ+L1NgFaK2PFo=","ntyJxr4SDJu6lM7g6VJEkp2iZehC4t7biOri/mg3kiI=","BNPfh4Zh6SHe/Tc701v3DgSMcHiEb+cshwBwvj+Zr64=","BDSnv/lfRvR7XqtEyRUa4bPHJ2eNuoTUqWwQHZSgCyU=","biz1VjRT7IuFSNiN07+LRN4wAwXdUZXe17GGRszafuA=","pA3m9CO4ZqjfwUrZAvb1T7+R6cjel5gNUZOGCYn2FKk=","vtTlJYZo+9NPMO/px4f9H/VVEx8o/vl+7q5x5OcdLt8=","DiRV3DYiB4ztqD2q7Z4JGTsD51MLQpm1Z9D1n82phZo=","31xhaCVs7sL1sMLN2aM2d6xVlpUa0tW5rhGOgRiGHL4=","jzBsyr6Obg30X7N5QKvPr2OkRgSe2PU54XfbFoXq5bQ=","XRiRVSHvoqaLwTMhx8RIe1JqpCAcBJcNtG2Sftrz96M=","jgSrr0sPKBU6MJMfGTwwERv9usCuT9hGcP6/6D446zU=","bdavjwyAE8PDF4H/BMW7RvA7HeemjP/8DwNJ62Q0nGY=","k4+W0wxEtoLqz9edxzrVJMfcP6/BAbYGMB6MBQXxotg=","jz3mfHRT4V0gUUtHthIMu52p1U+S4zOCW0NaUx/Z8cI=","zgOgaTGVcL9wSi0QHuv3u5OopqHttGyDzreuMJD+gDE=","JTR/VLRW7mFNjOoX8ElXLh/3BKn7yDuy9zqmGF3P1O4=","OU8d0gp91p8MydTRZVg+y2nnWhsU5HakkZ4h+x9W5lk=","XKu1iD2zRC3DiBJdOYDJY1HeAnxX7rfG+SST60m/OIs=","Yay3VQMwkIPVUpuD5mW/KS20yesHfjwH4+FCEfi27zU=","dJHD+gFtpmg9i/XzzezfJQzwaUM3vGkf5bQThS6l2fA=","SACibedKjFmGOd6NJtdpf/6G/Kdi2bn+CSCjesU99v8=","ysXyle3XJVc8HAk8zKZE+ty/JbsaDCCEsyuJKgqQwnI=","k2Lwyyt25a4LJmQHHx0age3ZLD5nnkNwcclrKyOIkZs=","pgjt9HnWhnq2Nb7Qi5RE+5G7INr0qR3tG7eDMd/mvoI=","XXK2k/8mVSENoe6YD64HJ/lT33E4hD2JMb+5ZV4TKOg=","jqCxG/RDy6jbL0ymmiZdWGU0AGpwqZlgUAPpo1fabd0=","ZpZykR3nEmr+K52vPFcceEdnUd1hdAfPH1RQGRgZKl8=","P9iBi2Aq+f4cxtpOQGhAeR/0DXM44fzvCZLEi0lc34o=","heXOC+CKPXjMnqnHpTDpdlZ2lsbSmR+r3cjrh4H4Vz8=","UeZ3JapK2mupV5nhrVVcIyZwi9bIeKIikLEbI7x5b5Y=","a2GZ8aJJBBknI/L1yjTvrBAm8OpcDhLapS96m8N+OUw=","WEVsAHvXeJPZdta+RRS+C5n3zeW+EhSnKvZb1aiUu3w=","EcJr0d2+Hb6pjAQVtXo92UnfYzqyY/dqRCfUPp4y2hs=","8sh15vpjAGz1dAgLKjr4Gi9irndghJyBhXAKHP0Sdpc=","HlrJqoveo7sJFJELCxWTIZjLkqggKszqSyX4ZhujXDk=","9Zc0Ha8SgiDYPXXahnBh6K8MBC6bZFCWfRsIcg65yOo=","Fctaqd1q1iVaHp7UFihcK2JV8kloMcGOC9WXFU6DwcU=","WGcP7/kyy3a/q2zBZjO9fZ27P1JB+CMZ+3IPvGGL/PU=","eWfNJJXjqm9JqT/KbbJgt6afsGlFz1hSqPLmPTufGQ8=","4A6sJ7wY5DFhVWwcWLxpRZ9WZdb5M7MFOmeKQmB51uc=","1zWlWT8mgvAGc0nf7br+fx082lsOG3NoFJjrEDRrYmk=","qwm7hTBmjjBi6rOQhsupGXiO/er0bvjDft7mhYheWFw=","j9zP4z4JYpzeZOey10LSw4bn6L3ab9l9mV0E5jNukAU=","Tf0LWb/9vI/c0m8vjlEpHmvQDNoAL0iNUOI2cx9kz0U=","GZyc/gawPB9mpV/guai8R6fY7kHLnub267mRwweTzsI=","VR93kqpKKfUnP71aa12LDwC6WZyhSZQmrwTyYzovLa4=","55y3yqQddmCTtzIWG4FLjq8Kx3HW+Nq3GbIXaD46ATg=","vhJ353jmNk6ZYJdCbfSCMTEnJbD8/vmIVty4QXljLzE=","x/jWJihgReMi4OvRVcP6QdOEloTcF+B5uSj8GJJSeqU=","4DiZ/EIvqu+u0CGG0W+Kr8yPGufIESlBeg42QSlnkLU=","S/7vKkRIod2dpd+CpKxZzGGXeq+1k5JpYZqTkyx7Y9M=","7nGN5a/RDUgq6a0aoZSWNKSZQsHZb5/vMemgtp8M/3U=","dIl9bKeJLlAz+CgJHKaXGzfn3DEon9VGvd71PcYtwfk=","Wsz51i474aWptIssMizwBQIvxpQP09V/+IKzEauifw4=","3cKJav+O+1ouvQbJyrYfDlZy8qhNZxJvBwHg+UjF9ac=","XdLsmRMvvcwwuOwm9WoANmBmRm+P5oniSKr4RUTehuc=","18Ce6sgOzVdCRo4MbKYlm9T7aaad9uVUL7VAttvwJws=","rQubTU08b3iLcWU6OvZtpLD/XEOwy54h/Z1+HEA3vM8=","DKY/va5cIPu34w9Yq/0+uHKTsMx9y1bpm1t2cVLNQfE=","v9y4TfNr/uMn0r6MaLz+Aau7ozTuRY0v171YLrff+5E=","iBL2MrXSFOrZQt9lJeGYosTkhYJAtwMkRbe72YLWSxc=","fMVHfvWv1y9jodC0lsH4w0/NHdrmWsnemyKl5Csrf9Y=","9Zt8F2s+1YhhBNOm3sFNqtWVgID8sNXUJsQBTsZu1H0=","5xK9cUZONNx/217ZvLcR1lMRYltsGIhHWSVmHrznFZc=","IdOma6UUSjK9o14FGAHl216SdAsh+8jzmW5W/MzrKt8=","/iimeECMYppy1CHdjd//xFXpmMDdZCIzWo8i4knqmbw=","K1vDb3J7jRmIcXm9kfRxeIlJuQfBfp7d/3CYsRJuiBs=","rL5FBSTFrKgoWCpEWg9E6sglBFD8Gby8oeYF7EO3r0I=","/EyKTwFfp+qJLT7noYDSVQJw7vy9aJnvEnMGYD9j80s=","GIePu1QJ/A5Fj6F4P1JXjDLZ6oJE9TXtxN/dGPGvJag=","EOMCiRqvjYiwDBLjNZ2TXygWWAv8g8WiqXb1Ym5ilZk=","EI/spIB7LQ1W7yrnfxo6UNMY9YP6xlFLdX+cm+EKywM=","22glMfqtB3MPBt+khcRhW5lCyLZScUC5qLstkNlR8CY=","MSMmOzLZmdmAWpIhDVhxVKt6LzPk+hbw+wB7p++SBqE=","6JQ6pmRMZ6UzdfYQMyMyQriAyl/Wksmg0sHveKLBQdM=","INrsBaUMxDkPcqrZKs95iTVReUt0NlvMnn4tmo0XCa4=","EcJk7/LQccZEUnLMwfVPHCynZn1yTZ1ik9v0vlZMbyM=","zEKMhxkI0wEv3omz/cTWjv81IO3HQ3Xhu3XgYtQ5iqc=","aUynFP9xWMVZ1kP5GwTo3EudCbbKbhBXcjCmcU9XF7s=","Hpsk7AQS8bsj2Gm265MyajIPkg0L3xwxXSiUPjkipPU=","Cbp6qdPcPu4RBVJMEO1rJFf71wRGf2UPAZ2G28/xYoo=","RdhB8e2WfgcJylF1uFYvwBzDOiEsPWLpnnwwDJRO58w=","NTqKcBVE7sr1WD3Hnh/xUBujC3L2DSL2/Do2cFXN8Ts=","PrlfIRCvabozJWoO+nY4TJO+M5zz+s7nK5CdtHWj7H0=","va4A49wsiA4VraYyBQNzDY5jYm50T6eI0XrIvevbEXQ=","ZIib6d0Td9pByXqrmEW43MZVguNFWexmvY17ud8Nmiw=","Tecfhx6FbfqVgQLf5A2y/S9Zs2FkkToEtQAoRLZmAeU=","jeBrylK/kGNLIhrtELl4uOVhYFmElb27VdG/TZ3gcqY=","C2xIAsNY8DdFX64+hTS9dV4tGpcVxD/x+miitJjrAYU=","pcJcYCMoDz1/Kda0eugATmX16zZzlsUYglmkri0cpik=","G7XoQiAgUE3KEJd00mw6yO8Em11rkH/Lab3gzMNPXRo=","xsBUmJVuwSqSaa+wObawrMzvoWF9Gx3uxkWFBb99AQI=","Oj1GKHe+tCjqj3wmrPPRT+pU/SWm1jNgnij3QW4K4dg=","jf42fYKV7hfXCg1wRCzNw82d3ji3aw21FWxK3GScS4w=","YesSscZsiAP5SRiWl9fxcVqzV87qYxjRZmwGOPWABxs=","/vXhRs4yXC3iPaU3JVpXK+hKrKpa0fiiegFvDqrMqa0=","BsAmJtFknb7CLUsJe6+BIHhqZozNb+5ObBhNzwKPPzA=","hZpXC7ir1SiZY10u5sohlsDgOEnaCZ91ny2Nip//Qd0=","D1yp0jdTNUePfwlAIgqnGkISZ8v2WENLSoSOgb3TR1Y=","iP0V0IJtedwMWKsWdLC9fIpQ+mZPA2S55PpnO/q2CRY=","rC37nn16MDG5EHetaYKr8qitW2T1IVVPygb6vjK9J2M=","L9vWIps/wXrndY9gm3M6l7Nul8mykrD/fhwzq34xZ7U=","UexNhbQUzTPhzfdMERz0hOdcVX9df2X32M+F0vRt8So=","msMcWhqKKvFKhWuAbU02OaEfKx+qu9xSD8EIf+42Ncw=","L/9Qg4GYYw3y12YFWncOyVXQKIdo2gkYL5r9u8x8XAo=","9nukohQ9Bm7qBfNuoEurI8pOuI4ifuBtw7lyAjB5q6Y=","tep7EOJ5Z9ODb7NTcJrgCjekj1LqkAyp4eS6jqoe7ho=","GQR4u87kfzuPbw71DOkPa2idYNP9MENdtHR4iEeuPEs=","VHQ+JJex3c9UVnw4tHSCY7GID9AZemqGIvbZzSj9+0Y=","h+ID85nc3uK+cGwOgEmypKQUeVhrJPu0/TKMp0zsR58=","RPex9erNZh3/gTCZ2QuGGFcUJSzJLeBNFL3SdTi0qos=","S+DhpOWgJ/+6zDv+qDllpvx/qraOKVkw9qYstM/H8PM=","cXpSFVla6vKbP65c/LRrkRQN1vnPQWvZvUMhvZ+MZJQ=","0bWtcVeEQf7oLyCA0cQvdIJ+DcoFPDkYMJhxqQhclR0="],"block_size":4096,"path":"public/background.js"},{"block_hashes":["cFjwI9A+s4R1rA0vMBnlPVOmOodW6TyoJjKt3DwlAEc=","KsUPstXZGyf+UIc8eGyXo2WC0F1LgnPr2RmitBFedx0=","8Od7Vtzos8YLDnpN+aFzUqg4LWHLLpaGA32pcjh3P4I=","HSSZE//hWYCh06ZGNRtJckwMQJFB+rsuBRUuswZtp0M=","vNNJyaIHAygK1Po25Wa0l91hnye+E555s/hsAhVWqr4=","undmTpixOpRPxkYczpauFFF4Rb3KYrVy2QOD0A223eA=","Z15fejKvwBLBDE7y15tQZQ1xfzGCLr/vmW85LAZmki0=","ziJK15oKDHDsFTjzFGlClyMETYW2PtcypYgxNGniyIo=","O2EC8pLVbmrXKvydkhSDeHgUbfk+TU7XAD2GrPQ/zxo=","RkCF9P4WnCgvXhZJ2DwcoGBhLAxbtlPqtAq2upc7se0=","QlHTqjLFJCtsesqD27K+1+q0TfJlsK7Pi7w4f7C3EEw=","d8AVUg7DvtlOXs60Qa+4M6IiyXyUmcjW3MwkTutsKms=","wyJWDGA4tOBOYlLq966bisHvswhvRZ16TkcEUKdiuw8=","2Cs7oR1eUqmph9akEfg/7Ic3AgeHstUvQxM2y9I5H4E=","27Q2xG7Zn60qD9guf4XlNaCn2UJwv7+COexIPdls3tY=","v4SyrCcjedrpKseGq0JctzUwP1u1XvsA0TihVvHNxpg=","pMQCW/Wj25MQq31CTt0tCoZDGD2PTXg9Y+v3TpIsPdY=","yRc3Zq8BYjY7Suh/1DXTjrOARsv7tUIbndcHEEADMZQ=","vum01fOO3NMiGySTfBiiRyKmBFQugxF1DQflY55ZmfI=","0xvIx1r0w5hjRD3EFAYnxLOEVfpIoa2vpVk/Z+G+BQQ=","P1x5nr/MLTcFBozSdZvlCqlJMDMh3mQAobOowbsDKPI=","HzbryV/HOzcf//ILcJEBu3DTPhWatRwSqNCSmFojWrM=","JXSZnyURWB4kgcanMAh9tGkljMAiI7Vorq2vuj/D/Aw=","1nvD9Qq24SlENzxXI6FWZ2PBgQU2Am0d7fwgL5uoMek=","4iDaN5WoRLdnGW7IULAmezvlSVUrTXtO3RBSU20V0M0=","2ucJ4jWqgHbMuooJ6PFBBRNUztEU6bRef105g8ORpdw=","75hKz32DLArZAMX2l+yV8qFHzAUkXTH+UigWWbz+tAw=","OwNGn8McTE7hBBWfm5PeLwOxIAzCwY0dgjhPM4/xwqU=","xOSK+OfpyVSaeOrb1yw2A72XP4yptqu6M9ICNX/69MI="],"block_size":4096,"path":"public/foreground.js"},{"block_hashes":["PimCKI+SJP7XfoHANzkHH9UqMJk/+XuTrN5CLC1pCEw=","vAIW2+K5ty7VBrH1pYX1/OIgwd5nesMWu7pImCczcFw=","wLZfGjKMT4iUijR/XySDe6ooCpee1f4UDzG0sTguXxc=","G2lfHrXsE2uPfGaCopUZaZBAJpUZsH/OS2RP6xhvnbY=","4378eU1BSUNeH8mYXLR+5SVO4QJ8r/qovTaOM7gK14Y="],"block_size":4096,"path":"public/icons/icon-discourse.afdesign"},{"block_hashes":["jq4mkHAzJRtFwzT8gnEWv4ZhFKx02274W7EKVqTVERw=","O8X6JoJY9m3TVRKCn+yKHknZNZK7uxnEwFijSNM6Hmk=","bGbi93HJS3Ks5GJy84lu/qAfL+v/KqzAwzh7ippF5Zo=","jmRDFSCgqs/9KdlPIvTJRTdMglsFGVqFkt6z/EsNQMI=","vldbgYD1rKW4efQugDyOCMTRwBpLCgiJnkzwsgXFu1k=","iugCDkHHNR4mCgTxHeVA3sY4XCPFuQmAw/cMuuzYvFk="],"block_size":4096,"path":"public/icons/icon.afdesign"},{"block_hashes":["c7a4xl10k11lFLxfalIz/TO8tLYNapskDS8Xb0bEgtc="],"block_size":4096,"path":"public/icons/icon.svg"},{"block_hashes":["JSq+2Z+y9OEpVl95PJVWoTpcExHSye8AKCIU9iVrEbk=","3xav9DbkjGdNPnQineyhsaWtn8e1NzmExVaZclEvT0w=","o08YHQlqa1St2hUTsYXDJ+R28QDW5P5UTAIAjcmXacs="],"block_size":4096,"path":"public/icons/icon96.png"},{"block_hashes":["ZEmQbtdXxyu+JBUomz9C9ylJb7855q3YGaPI/m4Sads="],"block_size":4096,"path":"public/images/icon16.png"},{"block_hashes":["kD8cIRjWEugu5XsBTQKbCrITVJHNVVjjMVhQIdg1SX0=","5g5fn1gRq4oINKB1RN+4+bI91xWEOZBenPhQry2PhtM=","0u5b2wtMulqQ/KVOyBGxoBi3J2nPNLG5sl2AoGbkkL8=","EdrksiJXFvy4Rjv2fHtYcfKMoTt2L2EKuo1m3PtCJSY=","26Tpko9E2ApXJZd9NLq8mxG6RIqKckqU7zr2Q+u0TE4=","ooVDOoV0TumP6y0lUuhSEeemrFxV2vLJUFyIOzCpbzo=","c25kPuDnhYx+LmeNCQb9G00PZDtqcv9qtofkSPzHimE=","EmUbcEMDDx9hMR91dKLebdj/VEuD1FOc4KRVmL/vUeg=","u9WBoDDaIEUpbL+KvzWJoY5Z1BKEqMl46bocesp9FPs=","h2s9D/ZOLqMvA67DKJLTstV/agTbMt9rfn2AeAgl3F4=","laNlxNPqM0o2f0sf4PFYaPanMk7INLr4Yy6LFOzKPuI=","HaYTskoL6pQI7Qe0jzqYu0twgisw+C/X/ZRpiSco55M=","ad2rznpjqPCPn7k1xKBsVMbMQ0MYOrbGEYRS9QxYBDg=","SwjQJ6q7RZdVllPbHl35LZgaYIP0ynNe0HV8eo2OdYE=","xlFGuZdNdsn3jDUhKKcE+m1bsueE2/XVjGcm7Hc+C1w=","jelFzRUnaMbP8ZuKOD97Y5KfS2MkzjG1D+K89KCkhiE=","ZqxLraqcCYzcHB5ooslrJGihTYH13YdyzWN0tNbCeqI=","uQa/mPhb9PYs0vWea6rtFPIgn5RhUknRS9W4tJwQjHE=","8mFNxdW/EiayxDosuKBTffhVqo6hd311ifFZ1fIDFrU=","dKz6RyukJaL3B7UT8uo/sQ5m9s+8YDbcSRhZTctpHeQ=","WCemacU7Sj6/9X4/ETYwhfoKTBoUPiiby0nTYnAyxTg=","d/G5Mfi9PJYEZ4LV4EoraY67OCC0L2kPOQFPZp8Llr0=","I4i9DmneijdutsFOV9ncSLMTfA8SnW+GE8gLXY1+5Nc=","QSLzRDKnLru0yaD0dCF1UU6riQwYC6pJH8n9pbl6mzg=","tPnO+nO+earpBTzVbATX0jUm9XWxo3HHshhjpkb+CMA=","SZCr3pNfPiYEbzonklOpJphX67Qw+X2aKF4A7ks1Nsg=","d1F3xE/QSIgsTctAGOp3GRiTs3uoixUP4H8I977wFRc=","M6MkX0hfNHWRPsHeJpq+gjwwwsC0LSmlse67pxupDYc=","8NhZJOvK6D/I+Jv05HHd0Kcjrel+A4TybVkD8vSTfQA=","wGxApoxYpeBfP5MuXBiW7OIXD3DlW68LJgE9lFCJJkA=","O9yO1Pvox/vTtt4a6qW6NDOyeMLU9qcnxHU5P6URfto=","jIFWo8MUwnhUULmECRt2byZkZN8XjXhXiU7iaIfG1x8=","YlNIFnZQphpbMk0YAp2kvXv4pKJb9nrJi2hms5D4LCM=","IGa8FWHbG/pQY5Z9dEWz6d9YKvZlvtx0JRFfDsLbsAY=","3Udtjb3OvT0Mzl4F/OL//JZSxpvVEPOzImX6omNODfk=","LKfrUqAd8kq+77utuw5CP4IWFTHNbdVpMFLij4ODAmI=","cR9ZSTRgMRlDQxVUH0iGgS1XEgwBd/oswFCncCAQaHs=","+XA0dEL1JqjIPGUmtFEsG7x4p4yRK+BzSu6YY5ZYo30=","nETzvneGFJ4ZByyQt0EYy+bQ4r+jEZwmmYrMyX5j5no=","zBGI39q5aGM+zl09YITn2U2I+r91NNSftG/Av3jHxe8=","81qZTLom7+8hACp2z7GDhu+IkjkUtFBDSR+47XfabrI="],"block_size":4096,"path":"public/multi-entry.js"}],"version":2}