{"file_hashes":[{"block_hashes":["3fFoWaFfPrMzTWJBl1yjmIrD6vw9lkUqw6Sv02RMhVA="],"block_size":4096,"path":"_locales/be/messages.json"},{"block_hashes":["pIJmMpKpE7AqnN5GNcfJInC/PIcm/SdEddwsSQAZp8k="],"block_size":4096,"path":"_locales/cy/messages.json"},{"block_hashes":["pBZw1SQjumnHpl5+FT57mZTo3QNwxYS9oHFL1hxJxXg="],"block_size":4096,"path":"_locales/eu/messages.json"},{"block_hashes":["mJBxDfD78dtBvOQf4vYkJKO9OddV0p6Cl0TtPaDCzh0="],"block_size":4096,"path":"_locales/gl/messages.json"},{"block_hashes":["Cxbj+L2QSnZyhDRa6GoKmSfEev6J4F6isTrYAAm9+eQ="],"block_size":4096,"path":"_locales/hy/messages.json"},{"block_hashes":["4WMl0aZB73Qh8rr81kM9U1Q8idSY3ZZBmwPLpgucfWA="],"block_size":4096,"path":"_locales/is/messages.json"},{"block_hashes":["u7gcMvSCujIWybEYnHDO85yowhga81OP+ge0xq1S8Go="],"block_size":4096,"path":"_locales/iw/messages.json"},{"block_hashes":["MImLv1G91Y2zl/94DwYeM0MaOO9c/CiLUXfs92s5nyY="],"block_size":4096,"path":"_locales/ka/messages.json"},{"block_hashes":["VI3GyW4xoWzjVdxVxkgzsI7z+6i/MxSQMbSmhZWeOvQ="],"block_size":4096,"path":"_locales/kk/messages.json"},{"block_hashes":["phGPCg3jKeB8AfU81vtP7UPlTF9T20zRx/WytNn7EOY="],"block_size":4096,"path":"_locales/km/messages.json"},{"block_hashes":["iQgvsFIpgmvCIvXSLBWCNfAl8ObfZ/8TWhi9iZ4Tu48="],"block_size":4096,"path":"_locales/lo/messages.json"},{"block_hashes":["YT2HUfbMnT+jGfS36osr077Tf9B3SCyoJZKd18Eqaag="],"block_size":4096,"path":"_locales/mn/messages.json"},{"block_hashes":["JDvvvWtnohQz3Ml9wacoiW06Bw3CAFXrBNZE4buVX+c="],"block_size":4096,"path":"_locales/my/messages.json"},{"block_hashes":["Fg4c1ZPJAccpHqTsunNRkdeT3f1+lkagVgSYYn9h2m8="],"block_size":4096,"path":"_locales/ne/messages.json"},{"block_hashes":["u9N9Qbfeb5OUj6JDenaZ1MMKPDnnNheXAvISyzajEzw="],"block_size":4096,"path":"_locales/pa/messages.json"},{"block_hashes":["VCQevmUag0QjXMR6/SdMCAq668jDolr7ldg3O2pWcKI="],"block_size":4096,"path":"_locales/si/messages.json"},{"block_hashes":["MPRM+tBS1z2G0S+iDPwRFWOjsuRSO0P31m2TS6jazpE="],"block_size":4096,"path":"_locales/zh_HK/messages.json"},{"block_hashes":["7Hjd1MzzK1127HAaIBZ8P70UbXmlBeT7BCH8Hlz0qmM="],"block_size":4096,"path":"_locales/zu/messages.json"},{"block_hashes":["bGnOD+b6sU8ZkKMg1wT+42LBdcAOtskiSqb0EQiRjKY="],"block_size":4096,"path":"dasherSettingSchema.json"},{"block_hashes":["ufotUqT/q7Q4tWGEExuJOwRlWwHzNgZkFdT+g57+ZOc="],"block_size":4096,"path":"offscreendocument.html"},{"block_hashes":["gVCMPxjgxWMIXBB2NE/eufAFbRuen6LL7nKPiIZyde8=","O2HHdLgMRQY0EBamQMfje9I+Dp8r81od/DxvjeCqPyQ=","mz9cMFla/0UfFgTm+CL9hVP3wSA0SwLxYofkgnwiTqc=","7YOlbvV38vxbpca+b1WBolVfBCG0tnJ0G9o0u7G7AXM=","h6gVO6cNeITD/KohZvZx/jlBca+V7tt8N+iEpxnntGU=","pCbgOj6kluc+klGtWznsC13gtUUJ8LaAqTriDXRyZm4=","yNHLUtWPlABGOt8y5FP1jDH2PvFe9us5XzALAJmyxNo=","3OhdpVGElIZPvBsmXk4+R9d0RPcYaVbq6KiJkI/XZDc=","OCawqkY+o0pVFhxsz+ShXyotgCi+m3v0y2mi96lwmqM=","mhcrx5vvfVVHrePEbyVSKbzeVKI//iuUCJ16rV+6/T4=","Afvhx738/YROVvQth7GQeOxqw9cR6zN6OjhUP4+jFAs=","ZlbNEUOE6kTPQ3tiv+4GLtok5p8Ga4GW0rUAnizTrts=","693aw3FO2Nsr+j66gQ63xOQ4k0QcK+MCP8HQRVg/9CE=","O8Bn4ZPU4GUX6pl0b6C3OKNjg40HXbHBEJO9BGDIuYw=","+l0VgM0MrVVEK0DWYUFzmEsfwjnTVrIMuciwKN/Pdr4=","7zDB7ZI4TvlrJUHILl3mUAGgJKhyQhGFQ1oy3/KgqFM=","HUS1Uju+RT4omu6/P1r5r8MvmgUkeacKGwTGjOwodQA=","36A2J0JG4uto6YH2Xfio1uv2cHi0Ipoy6Dyqhy1+XZ4=","SDnZVynnktnKAB7yIQW2IucdLXDHBE5wMS/boI9xVdQ="],"block_size":4096,"path":"offscreendocument_main.js"},{"block_hashes":["c+OIjMvI4EJcPS+NHmpyEfeRCADu3nseI61D07IRc/c="],"block_size":4096,"path":"page_embed_script.js"},{"block_hashes":["bJwHB6TYtsjdd6IN1aCvc7FlMPxn9IdRGZrsQa8/ypw=","EzTPOwwttW+p2CDw+sUVgl3axQzeBICCRTlHAj94T8Y=","X49RiqINQp0eMWfaBZ8HcGQnHH2KeMSVR5KRJYkK39w=","7hf38XlJxhbeRl/59BoKgpwe9Ae5cUmNJ2i1enS1nNI=","BBAE80o2nqBqWxDdp3AyfKyYqVKwPbU8JoiC1+F37Lo=","A2CA5dvEuyx736TX+1fmXaAte/UhSWZXLQa0LvbWXXw=","cr4kCctIIKOCsy+IpXB4kpgkMWkxbxQZ8Ahv2nixYuw=","u4JMEHFA9Q56iUA8PmxMrSNfyz/LV/Kjl1lNCNKu/3E=","LD4NDMGyFjz0PfB2ykHH9GAjNoO2kLTDgrx0klI1AEQ=","Ql8AeGvKnmewknb0+mk2HI915pzkeoYS6Fk8ETWa5fk=","I/LiETjm3fe++j9kJtI0GRBYB2Owfl1mH9ZTxkW+pdw=","XjNKO/cNJ/Ii0wQOsk+6zXmDhiqYGs12y+KJb6XCpuI=","4wEFyrT38+4V/WhBVAhRekIzDjZg84x+NRtL9W04gyY=","2ybsZPpjxlTNQaI2/Pdu+VqSwdVd98I3yKGP/mtXs9w=","fJfNn/f40UGpLTf82O67KT7yOXUO4ctWuva1unLZ4F8=","2+Hmj0gTptQIA67S+ieYO4QZJ8s2tpyl1q5yGLoGMTw=","Zf3XGBCsvnyyba2I3+lIMdo/2M7a90iW0nQIg2LrqQU=","S/nme50CFUcbfjSFdksn532y0y4gEnlHGw68UgDZKvM=","z45QLV/xvZC0ju1nFZVBu7VAgCGbs/wbIod32U8B2D0=","MXlKkU3IXLX3KzK+4r5xvkgGInD7ymSqJ2+GKdt0uWE=","2NxWchAZ1t2ywmT+9Z8BRS7MEXTB/OQRt/lBuh+kp5U="],"block_size":4096,"path":"service_worker_bin_prod.js"}],"version":2}