{
  "searchengines": [
    {
      "name": "yahoo",
      "enabled": true,
      "sourcetype": 2,
      "enginetype": 0,
      "secureurlre": [
        "^http(s)?:\\/\\/(([a-z][a-z]|chfr|chit|malaysia|espanol)\\.)?(yhs[0-9]\\.)?(www|search|myweb|myweb2|news\\.search|espanol\\.search|search\\.cn|one\\.cn)\\.yahoo\\.[a-z\\.]+\\/(search|custom|s|404handler|yhs).*fr=(mcafee|mcasa|mcsaoffblock|slv8-mc).*"
      ],
      "urlre": [
        "^http(s)?:\\/\\/(([a-z][a-z]|chfr|chit|malaysia|espanol)\\.)?(yhs[0-9]\\.)?(www|search|myweb|myweb2|news\\.search|espanol\\.search|search\\.cn|one\\.cn)\\.yahoo\\.[a-z\\.]+\\/(search|custom|s|404handler|yhs)"
      ],
      "selectors": [
        {
          "selector": "div.algo div>h3>a",
          "parent": false,
          "inline": true,
          "matched": 0,
          "filterURI": {
            "filterType": 0,
            "startsWith": "/ru=",
            "endsWith": "/rk="
          },
          "styles": {
            "top": "-4px"
          },
          "description": "Non-Ads Search Result Tile (main annotation urls)"
        },
        {
          "selector": "ul.compArticleList > li > a",
          "parent": true,
          "matched": 0,
          "inline": false,
          "styles": {
            "top": "0px",
            "margin-top": "-1px"
          },
          "insertIntoSelector": "div:nth-child(2) > h4",
          "description": "Top Stories First Article"
        },
        {
          "selector": "div.s-card-wrap a",
          "parent": true,
          "matched": 0,
          "inline": false,
          "styles": {
            "top": "0px",
            "margin-top": "-1px"
          },
          "insertIntoSelector": "div.s-card-bot > p:first-child",
          "description": "Top Stories Card Carousel"
        },
        {
          "selector": "div .s-title",
          "parent": false,
          "inline": true,
          "matched": 0,
          "filterURI": {
            "filterType": 0,
            "startsWith": "/ru=",
            "endsWith": "/rk="
          },
          "styles": {
            "top": "3px",
            "margin": "0px 0px 4px 0px"
          },
          "insertIntoMobileStyle" : "margin: 0px 0px 3px 3px;"
        },
        {
          "selector": "div.algo div.compList li a",
          "parent": false,
          "inline": true,
          "matched": 0,
          "styles": {
            "top": "0px",
            "margin": "0px 2px"
          },
          "description": "Non-Ads Search Result Sub-Title links"
        },
        {
          "selector": "div.CrisisGlobalNews > div > ul > li p > a",
          "parent": false,
          "matched": 0,
          "inline": false,
          "insertIntoLink": true,
          "styles": {
            "top": "0px",
            "bottom": "2px"
          },
          "description": "Links within Yahoo Global Crisis News"
        },
        {
          "selector": "div.compCardList li div.triTxt a",
          "parent": false,
          "matched": 0,
          "inline": false,
          "insertIntoLink": true,
          "styles": {
            "top": "0px",
            "bottom": "2px"
          },
          "description": "List Catalog News (\"What you need to know\")"
        },
        {
          "selector": "div.sw-Card__title > a",
          "parent": false,
          "matched": 0,
          "inline": false,
          "insertIntoSelector": "div.sw-Card__titleCiteWrapper",
          "styles": {
            "top": "0px",
            "bottom": "2px"
          },
          "description": "Japan Yahoo: main URL selector (adding to header url)"
        },
        {
          "selector": "div.Contents__innerSubGroupBody div.sw-Card__section > div > ul > li > a",
          "parent": false,
          "matched": 0,
          "inline": false,
          "insertIntoLink": true,
          "styles": {
            "top": "0px",
            "bottom": "2px"
          },
          "description": "Japan Yahoo: Right side section (ie Wiki page)"
        },
        {
          "selector": "li div.layoutMiddle div.compTitle a",
          "parent": false,
          "matched": 0,
          "inline": true,
          "styles": {
            "top": "0px",
            "bottom": "2px"
          },
          "description": "Yahoo Ads"
        },
        {
          "selector": "li div.layoutMiddle div.layoutCenter div.compList a",
          "parent": false,
          "matched": 0,
          "inline": true,
          "styles": {
            "top": "0px",
            "bottom": "2px"
          },
          "description": "Yahoo Ads' sub-header links"
        }
      ]
    },
    {
      "name": "google",
      "enabled": true,
      "sourcetype": 1,
      "enginetype": 0,
      "urlre": [
        "^http(s)?:\\/\\/(w+|america|news|encrypted|www\\.l)\\.google\\.[a-z\\.]+\\/search"
      ],
      "selectors": [
        {
          "selector": "div.yuRUbf>a",
          "parent": true,
          "matched": 0,
          "inline": true
        },
        {
          "selector": "h3.r>a",
          "parent": true,
          "matched": 0,
          "inline": true
        },
        {
          "selector": "div.rc>div.r>a",
          "parent": false,
          "matched": 0,
          "child": "h3.LC20lb",
          "inline": true
        },
        {
          "selector": "li>h3>a:nth-child(2)",
          "parent": true,
          "matched": 0,
          "inline": true
        },
        {
          "selector": "div._I2>a",
          "parent": true,
          "matched": 0,
          "hrefattr": [
            "data-href"
          ],
          "inline": false
        },
        {
          "selector": "g-section-with-header g-link a",
          "parent": true,
          "matched": 0,
          "inline": true,
          "description": "Google Twitter results"
        },
        {
          "selector": "a[href]:has(div[role=heading]>div:first-child>div>span)",
          "parent": true,
          "matched": 0,
          "insertIntoSelector": "a[href]>div[role=heading]>div:first-child>div",
          "description": "Google Main Search - Video results"
        },
        {
          "selector": "a[href]:has(div>div[role=heading]>div:first-child>div>span)",
          "parent": true,
          "matched": 0,
          "insertIntoSelector": "a[href]>div>div[role=heading]>div:first-child>div",
          "description": "Google Main Search - Video results with an extra div"
        },
        {
          "selector": "div[data-async-rclass=\"search\"] span[role=\"link\"] a",
          "parent": true,
          "matched": 0,
          "inline": true,
          "description": "New Google Search Result - More Search Results After Scrolling (Sep 2023)"
        },
        {
          "selector": "div[data-hveid] span[jscontroller]>a",
          "parent": true,
          "matched": 0,
          "inline": true,
          "description": "New Google Search Result - More Search Results After Scrolling Variation 2 (Sep 2023)"
        },
        {
          "selector": "g-section-with-header >div a",
          "parent": true,
          "matched": 0,
          "inline": false,
          "insertIntoSelector": "div > div > div[role=heading]",
          "description": "New Google Search Result - Top Stories"
        },
        {
          "selector": "div.wDYxhc div > a.ellip",
          "parent": true,
          "matched": 0,
          "inline": true,
          "styles": {
            "verticalAlign": "super"
          },
          "description": "New Google Search Result - Right Panel Wiki Info"
        },
        {
          "selector": "div.v5yQqb > a.sVXRqc",
          "parent": true,
          "matched": 0,
          "inline": false,
          "insertIntoSelector": "div.v5yQqb > a.sVXRqc > div.CCgQ5",
          "description": "Top of Google Seach Ads Main Pages",
          "insertIntoMobileSelectorStyle" : "display: flex; align-items: center",
          "insertIntoMobileStyle" : "top:0px;"
        },
        {
          "selector": "a.l",
          "parent": true,
          "matched": 0,
          "inline": true,
          "styles": {
            "verticalAlign": "super"
          },
          "description": "Google Search Sub Pages"
        },
        {
          "selector": "div .cz3goc",
          "parent": true,
          "inline": false,
          "matched": 0,
          "filterURI": {
            "filterType": 0,
            "startsWith": "/ru=",
            "endsWith": "/rk="
          },
          "insertIntoSelector": "div .cz3goc > div.y0NFKc > div:nth-child(2) > div",
          "insertIntoMobileSelectorStyle" : "display: flex; align-items: center",
          "insertIntoMobileStyle" : "top:0px;",
          "description": "IOS Safari Google Search"
        },
        {
          "selector": "div .ygih0",
          "parent": true,
          "inline": false,
          "matched": 0,
          "filterURI": {
            "filterType": 0,
            "startsWith": "/ru=",
            "endsWith": "/rk="
          },
          "insertIntoSelector": "div .ygih0 > div.H7IfUd >div:nth-child(2) > div.o5sVue",
          "insertIntoMobileSelectorStyle" : "display: flex; align-items: center",
          "insertIntoMobileStyle" : "top:0px;",
          "description": "IOS Safari Google Search Related Youtube Video"
        },
        {
          "selector": "div .WlydOe",
          "parent": true,
          "inline": false,
          "matched": 0,
          "filterURI": {
            "filterType": 0,
            "startsWith": "/ru=",
            "endsWith": "/rk="
          }, 
          "insertIntoSelector": "div .WlydOe > div > div:nth-child(2) > div.MgUUmf",
          "insertIntoMobileSelectorStyle" : "display: flex; align-items: center",
          "insertIntoMobileStyle" : "top:0px;",
          "description": "IOS Safari Google Search Related Top Stories & News"
        },
        {
          "selector": "div .lh9H8",
          "parent": true,
          "inline": false,
          "matched": 0,
          "filterURI": {
            "filterType": 0,
            "startsWith": "/ru=",
            "endsWith": "/rk="
          },
          "insertIntoSelector": "div .lh9H8 > div .QkcpZ > div.d8lRkd",
          "insertIntoMobileSelectorStyle" : "display: flex; align-items: center",
          "insertIntoMobileStyle" : "top:0px;",
          "description": "IOS Safari Google Search Sponsored Ad"
        }
      ]
    },
    {
      "name": "onesearch",
      "enabled": true,
      "sourcetype": 31,
      "enginetype": 0,
      "secureurlre": [
        "^https:\\/\\/(www.onesearch.com\\/yhs\\/search)"
      ],
      "urlre": [
        "^https:\\/\\/(www.onesearch.com\\/yhs\\/search)"
      ],
      "selectors": [
        {
          "selector": "ul>li>h3>a",
          "parent": true,
          "inline": true,
          "matched": 0
        },
        {
          "selector": "ol>li>h3>a",
          "parent": true,
          "inline": true,
          "matched": 0
        },
        {
          "selector": "ul>li>label>a",
          "parent": true,
          "inline": true,
          "matched": 0
        },
        {
          "selector": "p.txt>a",
          "parent": true,
          "inline": true,
          "matched": 0
        },
        {
          "selector": "div.sw-Card__headerSpace > div.sw-Card__title.sw-Card__title--cite > a:first-child",
          "child": "h3:first-child",
          "parent": true,
          "inline": true,
          "matched": 0,
          "styles": {
            "top": "6px"
          }
        },
        {
          "selector": "ul.compArticleList li>h4>a",
          "parent": false,
          "inline": false,
          "matched": 0
        },
        {
          "selector": "div.ads div>h3>a, div.algo div>h3>a",
          "parent": false,
          "inline": true,
          "matched": 0,
          "filterURI": {
            "filterType": 0,
            "startsWith": "/ru=",
            "endsWith": "/rk="
          }
        },
        {
          "selector": "div.ads div>ul>li>a, div.algo div>ul>li>a",
          "parent": false,
          "inline": true,
          "matched": 0,
          "filterURI": {
            "filterType": 0,
            "startsWith": "/ru=",
            "endsWith": "/rk="
          }
        },
        {
          "selector": "div.ads-container div>h3>a",
          "parent": true,
          "inline": true,
          "matched": 0,
          "filterURI": {
            "filterType": 0,
            "startsWith": "/ru=",
            "endsWith": "/rk="
          }
        },
        {
          "selector": "div.ads div.aTitle>p>a, div.algo div.aTitle>p>a",
          "parent": true,
          "inline": true,
          "matched": 0,
          "filterURI": {
            "filterType": 0,
            "startsWith": "/ru=",
            "endsWith": "/rk="
          }
        },
        {
          "selector": "div.w div>h3>a",
          "parent": false,
          "matched": 0,
          "inline": true
        }
      ]
    },
    {
      "name": "yandex",
      "enabled": true,
      "sourcetype": 25,
      "enginetype": 0,
      "secureurlre": [
        "^http(s)?:\\/\\/(www\\.)?yandex\\.ru\\/search\\/\\?.*clid=2285101.*"
      ],
      "urlre": [
        "^http(s)?:\\/\\/(www\\.)?yandex\\.(com|ru|by|kz|com\\.tr|ua)\\/search"
      ],
      "selectors": [
        {
          "selector": "div > div > a.Link_theme_normal",
          "parent": true,
          "matched": 0,
          "inline": true,
          "excluderegex": "^http(s)?:\\/\\/.*\\.yandex",
          "insertIntoSelector": "h2",
          "description": "Main page search results"
        }
      ]
    },
    {
      "name": "duckduckgo",
      "enabled": true,
      "sourcetype": 30,
      "enginetype": 0,
      "urlre": [
        "^http(s)?:\\/\\/(www\\.)?(duckduckgo\\.com)"
      ],
      "secureurlre": [
        "^http(s)?:\\/\\/(www\\.)?(duckduckgo\\.com)(\\/)?.*frcode=test.*$"
      ],
      "selectors": [
        {
          "selector": "div#links h2 > a",
          "parent": false,
          "matched": 0,
          "inline": true,
          "description": "main items from search results"
        },
        {
          "selector": "div#react-layout h2 > a",
          "parent": false,
          "matched": 0,
          "inline": true,
          "description": "main items from search results (updated may 15 2023)"
        },
        {
          "selector": "div#ads h2 > a",
          "parent": false,
          "matched": 0,
          "inline": true,
          "description": "ad items"
        }
      ]
    },
    {
      "name": "dogpile",
      "enabled": true,
      "sourcetype": 20,
      "enginetype": 0,
      "urlre": [
        "^http(s)?:\\/\\/(www\\.)?dogpile\\.com\\/serp"
      ],
      "selectors": [
        {
          "selector": "div.web-bing__result>a.web-bing__title",
          "parent": false,
          "matched": 0,
          "inline": true
        }
      ]
    },
    {
      "name": "search",
      "enabled": true,
      "sourcetype": 21,
      "enginetype": 0,
      "urlre": [
        "^http(s)?:\\/\\/(www\\.)?(search\\.com)\\/web"
      ],
      "selectors": [
        {
          "selector": "div.search-result-item a.link",
          "parent": false,
          "matched": 0,
          "inline": true,
          "insertIntoSelector": "span",
          "description": "search result - main search items"
        },
        {
          "selector": "div.promo-items div.promo-title a",
          "parent": false,
          "matched": 0,
          "inline": true,
          "insertIntoSelector": "span",
          "description": "search result - ads/promotion items"
        }
      ]
    },
    {
      "name": "wow",
      "enabled": true,
      "sourcetype": 27,
      "enginetype": 0,
      "urlre": [
        "^http(s)?:\\/\\/(www\\.)?(wow\\.com)\\/search"
      ],
      "selectors": [
        {
          "selector": "div>h3.title>a",
          "parent": false,
          "matched": 0,
          "inline": true
        }
      ]
    },
    {
      "name": "so",
      "enabled": true,
      "sourcetype": 28,
      "enginetype": 0,
      "urlre": [
        "^http(s)?:\\/\\/(www\\.)?(so\\.com)\\/s"
      ],
      "selectors": [
        {
          "selector": "li.res-list>h3>a",
          "parent": false,
          "matched": 0,
          "inline": true
        }
      ]
    },
    {
      "name": "sogou",
      "enabled": true,
      "sourcetype": 19,
      "enginetype": 0,
      "urlre": [
        "^http(s)?:\\/\\/(www\\.)?(sogou\\.com)\\/web"
      ],
      "selectors": [
        {
          "selector": "h2.pz-head-title>a",
          "parent": false,
          "matched": 0,
          "inline": true
        },
        {
          "selector": "h3.pt>a",
          "parent": false,
          "matched": 0,
          "inline": true
        },
        {
          "selector": "h3.vrTitle>a",
          "parent": false,
          "matched": 0,
          "inline": true
        }
      ]
    },
    {
      "name": "webcrawler",
      "enabled": true,
      "sourcetype": 22,
      "enginetype": 0,
      "urlre": [
        "^http(s)?:\\/\\/(www\\.)?(webcrawler\\.com)\\/serp"
      ],
      "selectors": [
        {
          "selector": "div.adD>div>div>a",
          "parent": false,
          "matched": 0,
          "inline": true
        },
        {
          "selector": "div.web-bing__result>a.web-bing__title",
          "parent": false,
          "matched": 0,
          "inline": true
        }
      ]
    },
    {
      "name": "info",
      "enabled": true,
      "sourcetype": 24,
      "enginetype": 0,
      "urlre": [
        "^http(s)?:\\/\\/(www\\.)?(info\\.com)\\/serp"
      ],
      "selectors": [
        {
          "selector": "div.ads-bing-top>span.ads-bing-top__label>a",
          "parent": false,
          "matched": 0,
          "inline": true
        },
        {
          "selector": "div.web-bing__result>a.web-bing__title",
          "parent": false,
          "matched": 0,
          "inline": true
        },
        {
          "selector": "div.web-yahoo__result > a",
          "parent": false,
          "matched": 0,
          "inline": true
        },
        {
          "selector": "div.ads-yahoo-top >a",
          "parent": false,
          "matched": 0,
          "inline": true,
          "insertIntoSelector": "span.ads-yahoo-top__title"
        },
        {
          "selector": "div.ads-yahoo-bottom >a",
          "parent": false,
          "matched": 0,
          "inline": true,
          "insertIntoSelector": "span.ads-yahoo-bottom__title"
        }
      ]
    },
    {
      "name": "daum",
      "enabled": true,
      "enginetype": 0,
      "urlre": [
        "^http(s)?:\\/\\/(search\\.daum\\.net)\\/search"
      ],
      "selectors": [
        {
          "selector": "div.cont_inner>div[class^=wrap_tit]>a",
          "parent": false,
          "matched": 0,
          "inline": true
        },
        {
          "selector": "div.coll_cont>ul>li>a",
          "parent": false,
          "matched": 0,
          "inline": true
        }
      ]
    },
    {
      "name": "facebook",
      "socialMediaType": 8,
      "sourcetype": 101,
      "enginetype": 1,
      "enabled": false,
      "urlre": [
        "^http(s)?:\\/\\/(www|m)\\.facebook\\.com"
      ],
      "selectors": [
        {
          "selector": "div[role=article] span > a",
          "hrefqstring": "u",
          "excluderegex": "^http(s)?:\\/\\/.*\\.facebook\\.com",
          "parent": false,
          "matched": 0,
          "inline": true,
          "description": "Main Feed Story Wall (Header description)"
        },
        {
          "selector": "div[id=pagelet_timeline_main_column] div > p > a",
          "hrefqstring": "u",
          "excluderegex": "^http(s)?:\\/\\/.*\\.facebook\\.com",
          "parent": false,
          "matched": 0,
          "inline": true,
          "description": "Main Feed Story Wall (Header description - Logged Out - PRE-render)"
        },
        {
          "selector": "div[role=article] div > p > a",
          "hrefqstring": "u",
          "excluderegex": "^http(s)?:\\/\\/.*\\.facebook\\.com",
          "parent": false,
          "matched": 0,
          "inline": true,
          "description": "Main Feed Story Wall (Header description - Logged Out - POST-render)"
        },
        {
          "selector": "div[role=article] div[id] > div > div> a",
          "hrefqstring": "u",
          "excluderegex": "^http(s)?:\\/\\/.*\\.facebook\\.com",
          "parent": false,
          "matched": 0,
          "insertIntoSelector": "span span",
          "description": "Main Feed Story Wall (Image Post - Footer link)"
        },
        {
          "selector": "div[role=article] div[id] > div> a",
          "hrefqstring": "u",
          "excluderegex": "^http(s)?:\\/\\/.*\\.facebook\\.com",
          "parent": false,
          "matched": 0,
          "insertIntoSelector": "span span",
          "description": "Main Feed Story Wall (Image Post - Footer link - SPONSORED)"
        },
        {
          "selector": "div[role=article] span > div > div > a",
          "hrefqstring": "u",
          "excluderegex": "^http(s)?:\\/\\/.*\\.facebook\\.com",
          "parent": false,
          "matched": 0,
          "inline": true,
          "description": "Comments"
        },
        {
          "selector": "div[role=article] li span> span > a",
          "hrefqstring": "u",
          "excluderegex": "^http(s)?:\\/\\/.*\\.facebook\\.com",
          "parent": false,
          "matched": 0,
          "inline": true,
          "description": "Comments (Logged Out)"
        },
        {
          "selector": "div[data-testid=mwchat-tab] span[role=gridcell] > a",
          "hrefqstring": "u",
          "excluderegex": "^http(s)?:\\/\\/.*\\.facebook\\.com",
          "parent": false,
          "matched": 0,
          "inline": true,
          "description": "Chat Box"
        }
      ]
    },
    {
      "name": "ask",
      "enabled": true,
      "sourcetype": 4,
      "enginetype": 0,
      "urlre": [
        "^http(s)?:\\/\\/((www|search|ru|fr|de|uk|it|nl|es|eu|jp|br|ca|mx|pl|no|dk|se|us|au|in|ar|pt)\\.)?(uk\\.)?ask\\.(com|jp)\\/(web|pictures|news|videos|ref|ans)(\\.asp)?\\?"
      ],
      "selectors": [
        {
          "selector": "div[class^=PartialSearchResults-item-title]>a",
          "parent": true,
          "matched": 0,
          "inline": true
        },
        {
          "selector": "div[class^=adD]>div>div>a",
          "parent": true,
          "matched": 0,
          "inline": true
        },
        {
          "selector": "div[class^=sa]>a",
          "parent": false,
          "matched": 0,
          "inline": true
        }
      ]
    },
    {
      "name": "aol",
      "enabled": true,
      "sourcetype": 3,
      "enginetype": 0,
      "urlre": [
        "^http(s)?:\\/\\/(recherche|suche|search|search\\.cn)\\.aol\\.(jp|cn|fr|ca|com\\.mx|co\\.uk|de|in|com|com\\.au)\\/"
      ],
      "selectors": [
        {
          "selector": "div[class$=options-toggle]>h3>a",
          "parent": true,
          "inline": true,
          "matched": 0,
          "filterURI": {
            "filterType": 0,
            "startsWith": "/ru=",
            "endsWith": "/rk="
          }
        },
        {
          "selector": "li[class^=mb-12]>a",
          "parent": false,
          "inline": true,
          "matched": 0,
          "filterURI": {
            "filterType": 0,
            "startsWith": "/ru=",
            "endsWith": "/rk="
          }
        }
      ]
    },
    {
      "name": "uol",
      "enabled": true,
      "sourcetype": 5,
      "enginetype": 0,
      "urlre": [
        "^http(s)?:\\/\\/((mundo|brasil)\\.)?busca\\.uol\\.com\\.br\\/(((www|uol|br)\\/index\\.html\\?)|(buscar\\.html))?"
      ],
      "selectors": [
        {
          "selector": "a[class^=gs-title]",
          "parent": false,
          "matched": 0,
          "inline": true
        }
      ]
    },
    {
      "name": "goo",
      "enabled": true,
      "sourcetype": 6,
      "enginetype": 0,
      "urlre": [
        "^http(s)?:\\/\\/search\\.goo\\.ne\\.jp\\/web\\.jsp\\?"
      ],
      "selectors": [
        {
          "selector": "div[class=result]>p[class^=title]>a",
          "parent": true,
          "matched": 0,
          "inline": true
        }
      ]
    },
    {
      "name": "myway",
      "enabled": true,
      "sourcetype": 7,
      "enginetype": 0,
      "urlre": [
        "^http(s)?:\\/\\/(search)\\.myway\\.com\\/web\\?"
      ],
      "selectors": [
        {
          "selector": "div[class^=PartialSearchResults-item-title]>a",
          "parent": false,
          "matched": 0,
          "inline": true
        }
      ]
    },
    {
      "name": "terra",
      "enabled": true,
      "sourcetype": 8,
      "enginetype": 0,
      "urlre": [
        "^http(s)?:\\/\\/www\\.terra\\.com\\.(br|mx|pe|co|ec|ve|es|ar)"
      ],
      "selectors": [
        {
          "selector": "div[class=gs-title]>a",
          "parent": false,
          "matched": 0,
          "inline": true
        }
      ]
    },
    {
      "name": "xfinity",
      "enabled": true,
      "sourcetype": 18,
      "enginetype": 0,
      "urlre": [
        "^http(s)?:\\/\\/(www\\.)?xfinity\\.com"
      ],
      "selectors": [
        {
          "selector": "div[data-testid=\"google-result\"]>h3>a",
          "parent": false,
          "matched": 0,
          "inline": true,
          "styles": {
            "position": "static"
          }
        }
      ]
    },
    {
      "name": "web",
      "enabled": true,
      "sourcetype": 9,
      "enginetype": 0,
      "urlre": [
        "^http(s)?:\\/\\/suche\\.web\\.de\\/web"
      ],
      "selectors": [
        {
          "selector": "div[class^=eMd]>a",
          "parent": false,
          "matched": 0,
          "inline": true
        }
      ]
    },
    {
      "name": "biglobe",
      "enabled": true,
      "sourcetype": 10,
      "enginetype": 0,
      "urlre": [
        "^http(s)?:\\/\\/cgi\\.search\\.biglobe\\.ne\\.jp\\/"
      ],
      "selectors": [
        {
          "selector": "li>div[class^=sr-wrap]>div[class^=sr]>h3>a",
          "parent": true,
          "matched": 0,
          "inline": true
        }
      ]
    },
    {
      "name": "gmx",
      "enabled": true,
      "sourcetype": 11,
      "enginetype": 0,
      "urlre": [
        "^http(s)?:\\/\\/suche\\.gmx\\.net\\/web"
      ],
      "selectors": [
        {
          "selector": "div[class^=eMd]>a",
          "parent": false,
          "matched": 0,
          "inline": true
        }
      ]
    },
    {
      "name": "excite",
      "enabled": true,
      "sourcetype": 12,
      "enginetype": 0,
      "urlre": [
        "^http(s)?:\\/\\/websearch\\.excite\\.co\\.jp"
      ],
      "selectors": [
        {
          "selector": "section>div.item>h3.item_title>a",
          "parent": false,
          "matched": 0,
          "inline": true
        }
      ]
    },
    {
      "name": "naver",
      "enabled": true,
      "sourcetype": 14,
      "enginetype": 0,
      "urlre": [
        "^http(s)?:\\/\\/(web\\.)?search\\.naver\\.com\\/search\\.naver\\?"
      ],
      "selectors": [
        {
          "selector": "div.nsite_name>a",
          "parent": false,
          "matched": 0,
          "inline": true
        },
        {
          "selector": "div.total_tit>a",
          "parent": false,
          "matched": 0,
          "inline": true
        }
      ]
    },
    {
      "name": "nifty",
      "enabled": true,
      "sourcetype": 15,
      "enginetype": 0,
      "urlre": [
        "^http(s)?:\\/\\/search\\.nifty\\.com\\/cgi\\-bin\\/search\\.cgi\\?",
        "^http(s)?:\\/\\/(azby\\.)?search\\.nifty\\.com\\/websearch\\/search"
      ],
      "selectors": [
        {
          "selector": "ul>li.unt>a",
          "parent": false,
          "matched": 0,
          "inline": true
        },
        {
          "selector": "div.hd>h3>a",
          "parent": false,
          "matched": 0,
          "inline": true
        }
      ]
    },
    {
      "name": "rakuten",
      "enabled": true,
      "sourcetype": 16,
      "enginetype": 0,
      "urlre": [
        "^http(s)?:\\/\\/(websearch|search)\\.rakuten\\.co\\.jp"
      ],
      "selectors": [
        {
          "selector": "ul.os-result>li>a.os-window",
          "parent": false,
          "matched": 0,
          "inline": true
        }
      ]
    },
    {
      "name": "linkedin",
      "socialMediaType": 1,
      "enginetype": 1,
      "sourcetype": 100,
      "enabled": false,
      "urlre": [
        "^http(s)?:\\/\\/(www\\.)?linkedin\\.com"
      ],
      "selectors": [
        {
          "selector": "div[class*=feed] span a",
          "excluderegex": "^http(s)?:\\/\\/(www\\.)?linkedin\\.com",
          "parent": false,
          "matched": 0,
          "inline": true,
          "description": "Post's heading URL"
        },
        {
          "selector": "div section dl dd a",
          "excluderegex": "^http(s)?:\\/\\/(www\\.)?linkedin\\.com",
          "parent": false,
          "matched": 0,
          "inline": true,
          "description": "Company's 'About' page Website link"
        },
        {
          "selector": "p.feed-shared-main-content > a",
          "excluderegex": "^http(s)?:\\/\\/(www\\.)?linkedin\\.com",
          "parent": false,
          "matched": 0,
          "inline": true,
          "description": "Post's reply comments URL"
        },
        {
          "selector": "p.msg-s-event-listitem__body > a",
          "excluderegex": "^http(s)?:\\/\\/(www\\.)?linkedin\\.com",
          "parent": false,
          "matched": 0,
          "inline": true,
          "description": "Chat and Message Page Links"
        },
        {
          "selector": "div.msg-spinmail-thread__message-body-container a",
          "excluderegex": "^http(s)?:\\/\\/(www\\.)?linkedin\\.com",
          "parent": false,
          "matched": 0,
          "inline": true,
          "description": "Overlaying Chat"
        },
        {
          "selector": "section.updates p > a",
          "excluderegex": "^http(s)?:\\/\\/(www\\.)?linkedin\\.com",
          "parent": false,
          "matched": 0,
          "inline": true,
          "description": "Post's heading URL (logged out)"
        },
        {
          "selector": "section.core-rail section[data-test-id='about-us'] a",
          "excluderegex": "^http(s)?:\\/\\/(www\\.)?linkedin\\.com",
          "parent": false,
          "matched": 0,
          "inline": true,
          "hrefqstring": "url",
          "description": "Process all URLs from the Company's page - About Us (Logged out)"
        },
        {
          "selector": "article div[class*=feed-shared-article__description-container] div a",
          "excluderegex": "^http(s)?:\\/\\/(www\\.)?linkedin\\.com",
          "parent": false,
          "matched": 0,
          "inline": true,
          "description": "Share post on main feed wall"
        }
      ]
    },
    {
      "name": "instagram",
      "socialMediaType": 2,
      "enabled": false,
      "sourcetype": 103,
      "enginetype": 1,
      "urlre": [
        "^http(s)?:\\/\\/(www\\.)?instagram\\.com"
      ],
      "selectors": [
        {
          "selector": "main div > a",
          "insertIntoLink": true,
          "parent": false,
          "inline": false,
          "styles": {
            "display": "inline"
          },
          "matched": 0,
          "hrefqstring": "u",
          "description": "Profile Page Header Urls (if any)"
        }
      ]
    },
    {
      "name": "twitter",
      "socialMediaType": 16,
      "enabled": false,
      "sourcetype": 105,
      "enginetype": 1,
      "urlre": [
        "^http(s)?:\\/\\/(www\\.)?twitter\\.com"
      ],
      "selectors": [
        {
          "selector": "article div a",
          "parent": false,
          "inline": true,
          "matched": 0,
          "inTagUrl": true,
          "excluderegex": "^http(s)?:\/\/([a-z0-9]+[.])*twitter.com|^http(s)?:\/\/t.co",
          "description": "Twitter Feeds - target URLs that are in the 'a' tag's body"
        },
        {
          "selector": "div[data-testid=UserDescription] a",
          "parent": false,
          "inline": true,
          "matched": 0,
          "inTagUrl": true,
          "excluderegex": "^http(s)?:\/\/([a-z0-9]+[.])*twitter.com|^http(s)?:\/\/t.co",
          "description": "Twitter Channel Header - Page's Description"
        }
      ]
    },
    {
      "name": "youtube",
      "socialMediaType": 4,
      "enabled": false,
      "sourcetype": 102,
      "enginetype": 1,
      "urlre": [
        "^http(s)?:\\/\\/(www\\.)?youtube\\.com"
      ],
      "selectors": [
        {
          "selector": "div[id=content]>yt-formatted-string[id=content-text]>a",
          "excluderegex": "^http(s)?:\\/\\/(www\\.)?youtube\\.com",
          "parent": false,
          "inline": true,
          "matched": 0,
          "insertIntoLink": true,
          "reProcessAnchor": true,
          "hrefqstring": "q",
          "description": "Comments"
        },
        {
          "selector": "div[id=description] yt-formatted-string a",
          "excluderegex": "^http(s)?:\\/\\/(www\\.)?youtube\\.com",
          "parent": false,
          "inline": true,
          "insertIntoLink": true,
          "reProcessAnchor": true,
          "hrefqstring": "q",
          "matched": 0,
          "description": "Video Description"
        },
        {
          "selector": "div[id=description] yt-attributed-string a",
          "excluderegex": "^http(s)?:\\/\\/(www\\.)?youtube\\.com",
          "parent": false,
          "inline": true,
          "insertIntoLink": true,
          "reProcessAnchor": true,
          "hrefqstring": "q",
          "matched": 0,
          "description": "Video Description New Mar 2023"
        },
        {
          "selector": "div[id=contents] > ytd-channel-video-player-renderer yt-formatted-string a",
          "excluderegex": "^http(s)?:\\/\\/(www\\.)?youtube\\.com",
          "parent": false,
          "inline": true,
          "hrefqstring": "q",
          "insertIntoLink": true,
          "reProcessAnchor": true,
          "matched": 0,
          "description": "Channel's Home Page Video Description"
        }
      ]
    },
    {
      "name": "reddit",
      "socialMediaType": 32,
      "enabled": false,
      "sourcetype": 104,
      "enginetype": 1,
      "urlre": [
        "^http(s)?:\\/\\/(www\\.)?reddit\\.com"
      ],
      "selectors": [
        {
          "selector": "div a.styled-outbound-link",
          "excluderegex": "^http(s)?:\\/\\/(.*\\.)?reddit\\.com",
          "parent": false,
          "inline": true,
          "matched": 0,
          "description": "URL added by Reddit for each Post"
        },
        {
          "selector": "div[data-testid=\"comment\"] p > a",
          "excluderegex": "^http(s)?:\\/\\/(.*\\.)?reddit\\.com",
          "parent": false,
          "inline": true,
          "matched": 0,
          "description": "URL in comments"
        },
        {
          "selector": "[id=\"comment-tree\"] p > a",
          "excluderegex": "^http(s)?:\\/\\/(.*\\.)?reddit\\.com",
          "parent": false,
          "inline": true,
          "matched": 0,
          "description": "URL in comments updated reddit UI April 2023"
        },
        {
          "selector": "div[data-test-id=\"post-content\"] p > a",
          "excluderegex": "^http(s)?:\\/\\/(.*\\.)?reddit\\.com",
          "parent": false,
          "inline": true,
          "matched": 0,
          "description": "Main Post's urls"
        },
        {
          "selector": "shreddit-post p > a",
          "excluderegex": "^http(s)?:\\/\\/(.*\\.)?reddit\\.com",
          "parent": false,
          "inline": true,
          "matched": 0,
          "description": "Main Post's urls for updated reddit UI April 2023"
        },
        {
          "selector": "div.scrollerItem p a",
          "excluderegex": "^http(s)?:\\/\\/(.*\\.)?reddit\\.com",
          "parent": false,
          "inline": true,
          "matched": 0,
          "description": "Main Post - Additional Post (Post Description URLs)"
        },
        {
          "selector": "div.scrollerItem>div>div>div>div>div>a",
          "excluderegex": "^http(s)?:\\/\\/(.*\\.)?reddit\\.com",
          "parent": false,
          "inline": true,
          "matched": 0,
          "description": "Posts from a sub-reddit channel (URL in description, similar to selector above)"
        }
      ]
    }
  ]
}